path,k,ret,cpi_growth
GFC,0,0.0,1.0
GFC,1,-0.001661,1.0
GFC,2,-0.004801,1.0
GFC,3,0.005532,1.0
GFC,4,-0.008444,1.0
GFC,5,-0.007935,1.004238
GFC,6,0.003057,1.004238
GFC,7,-0.003631,1.004238
GFC,8,-0.026156,1.004238
GFC,9,0.005812,1.004238
GFC,10,0.008105,1.004238
GFC,11,-0.001846,1.004238
GFC,12,0.002377,1.004238
GFC,13,0.011723,1.004238
GFC,14,0.00332,1.004238
GFC,15,-0.006942,1.004238
GFC,16,0.010388,1.004238
GFC,17,-0.023408,1.004238
GFC,18,0.001126,1.004238
GFC,19,-0.007606,1.004238
GFC,20,0.013462,1.004238
GFC,21,-0.027356,1.004238
GFC,22,-0.005071,1.004238
GFC,23,-0.013726,1.004238
GFC,24,-0.009922,1.004238
GFC,25,0.03048,1.004238
GFC,26,-0.002769,1.004238
GFC,27,-0.014424,1.007334
GFC,28,0.001717,1.007334
GFC,29,-0.013924,1.007334
GFC,30,0.006122,1.007334
GFC,31,-0.020465,1.007334
GFC,32,0.017293,1.007334
GFC,33,-0.022064,1.007334
GFC,34,0.011494,1.007334
GFC,35,0.031984,1.007334
GFC,36,0.00034,1.007334
GFC,37,0.010056,1.007334
GFC,38,-0.006593,1.007334
GFC,39,-0.008938,1.007334
GFC,40,0.01674,1.007334
GFC,41,0.014314,1.007334
GFC,42,-0.0002,1.007334
GFC,43,0.007754,1.007334
GFC,44,-0.02742,1.007334
GFC,45,0.009871,1.007334
GFC,46,-0.002075,1.007334
GFC,47,-0.012679,1.007334
GFC,48,-0.01427,1.01525
GFC,49,0.005584,1.01525
GFC,50,0.0,1.01525
GFC,51,0.006306,1.01525
GFC,52,0.014416,1.01525
GFC,53,0.007426,1.01525
GFC,54,0.002144,1.01525
GFC,55,-0.012571,1.01525
GFC,56,-0.002506,1.01525
GFC,57,-0.0074,1.01525
GFC,58,-0.008755,1.01525
GFC,59,-0.000483,1.01525
GFC,60,-0.024507,1.01525
GFC,61,-0.000849,1.01525
GFC,62,-0.016148,1.01525
GFC,63,0.01051,1.01525
GFC,64,0.006554,1.01525
GFC,65,-0.008068,1.01525
GFC,66,0.008063,1.01525
GFC,67,-0.022013,1.018193
GFC,68,-0.008612,1.018193
GFC,69,-0.025916,1.018193
GFC,70,-0.010267,1.018193
GFC,71,-0.010147,1.018193
GFC,72,0.024021,1.018193
GFC,73,0.008441,1.018193
GFC,74,-0.014446,1.018193
GFC,75,0.016537,1.018193
GFC,76,0.004955,1.018193
GFC,77,-0.007358,1.018193
GFC,78,0.018234,1.018193
GFC,79,0.016088,1.018193
GFC,80,-0.012609,1.018193
GFC,81,-0.026774,1.018193
GFC,82,-0.008052,1.018193
GFC,83,0.006614,1.018193
GFC,84,-0.006421,1.018193
GFC,85,0.00511,1.018193
GFC,86,0.009271,1.018193
GFC,87,0.010223,1.018193
GFC,88,-0.0088,1.018193
GFC,89,-0.000221,1.021703
GFC,90,0.002812,1.021703
GFC,91,0.002952,1.021703
GFC,92,-0.008314,1.021703
GFC,93,0.006157,1.021703
GFC,94,0.012609,1.021703
GFC,95,0.0075,1.021703
GFC,96,-0.001012,1.021703
GFC,97,-0.009767,1.021703
GFC,98,-0.022284,1.021703
GFC,99,-0.002391,1.021703
GFC,100,-0.003821,1.021703
GFC,101,0.006316,1.021703
GFC,102,-0.020698,1.021703
GFC,103,-0.010301,1.021703
GFC,104,-0.013183,1.021703
GFC,105,0.035937,1.021703
GFC,106,-0.009351,1.021703
GFC,107,0.002208,1.021703
GFC,108,-0.015496,1.021703
GFC,109,-0.010107,1.024173
GFC,110,0.041543,1.024173
GFC,111,-0.02477,1.024173
GFC,112,0.018523,1.024173
GFC,113,0.019988,1.024173
GFC,114,0.000965,1.024173
GFC,115,-0.012236,1.024173
GFC,116,-0.003153,1.024173
GFC,117,-0.009565,1.024173
GFC,118,0.003497,1.024173
GFC,119,0.03516,1.024173
GFC,120,0.000659,1.024173
GFC,121,0.002487,1.024173
GFC,122,-0.001094,1.024173
GFC,123,0.000511,1.024173
GFC,124,-0.001022,1.024173
GFC,125,-0.007235,1.024173
GFC,126,0.001398,1.024173
GFC,127,-0.019409,1.024173
GFC,128,-0.003374,1.024173
GFC,129,0.002332,1.027838
GFC,130,0.027094,1.027838
GFC,131,0.001462,1.027838
GFC,132,0.010434,1.027838
GFC,133,0.000505,1.027838
GFC,134,-0.004403,1.027838
GFC,135,-0.001595,1.027838
GFC,136,0.004357,1.027838
GFC,137,0.009254,1.027838
GFC,138,0.000215,1.027838
GFC,139,-0.003939,1.027838
GFC,140,-0.005896,1.027838
GFC,141,0.020686,1.027838
GFC,142,0.002764,1.027838
GFC,143,-0.004806,1.027838
GFC,144,0.008663,1.027838
GFC,145,-0.017811,1.027838
GFC,146,-0.00258,1.027838
GFC,147,-0.001869,1.027838
GFC,148,0.011232,1.027838
GFC,149,0.000142,1.027838
GFC,150,0.002065,1.027838
GFC,151,0.012502,1.027838
GFC,152,0.000912,1.030217
GFC,153,0.002734,1.030217
GFC,154,-0.008109,1.030217
GFC,155,-0.016914,1.030217
GFC,156,0.000143,1.030217
GFC,157,-0.013404,1.030217
GFC,158,0.007411,1.030217
GFC,159,0.004616,1.030217
GFC,160,0.005025,1.030217
GFC,161,0.0025,1.030217
GFC,162,-0.010331,1.030217
GFC,163,-0.005831,1.030217
GFC,164,-0.000507,1.030217
GFC,165,0.019997,1.030217
GFC,166,-0.031894,1.030217
GFC,167,0.002421,1.030217
GFC,168,-0.004977,1.030217
GFC,169,-0.014712,1.030217
GFC,170,0.003807,1.030217
GFC,171,0.012644,1.030217
GFC,172,0.000588,1.036313
GFC,173,-0.004845,1.036313
GFC,174,-0.009737,1.036313
GFC,175,0.001266,1.036313
GFC,176,-0.016231,1.036313
GFC,177,-0.000989,1.036313
GFC,178,-0.001978,1.036313
GFC,179,0.004726,1.036313
GFC,180,-0.02716,1.036313
GFC,181,-0.005459,1.036313
GFC,182,0.003529,1.036313
GFC,183,0.003125,1.036313
GFC,184,-0.017136,1.036313
GFC,185,0.00103,1.036313
GFC,186,-0.010213,1.036313
GFC,187,0.017758,1.036313
GFC,188,-0.019255,1.036313
GFC,189,0.004087,1.036313
GFC,190,-0.011652,1.036313
GFC,191,-0.009044,1.036313
GFC,192,-0.014097,1.036313
GFC,193,0.024547,1.047172
GFC,194,0.010003,1.047172
GFC,195,0.00623,1.047172
GFC,196,0.000556,1.047172
GFC,197,0.011344,1.047172
GFC,198,0.005413,1.047172
GFC,199,-0.020753,1.047172
GFC,200,-0.000239,1.047172
GFC,201,-0.014664,1.047172
GFC,202,0.021352,1.047172
GFC,203,0.017817,1.047172
GFC,204,-0.013226,1.047172
GFC,205,-0.005283,1.047172
GFC,206,-0.009274,1.047172
GFC,207,0.026962,1.047172
GFC,208,0.00444,1.047172
GFC,209,-0.014892,1.047172
GFC,210,0.018581,1.047172
GFC,211,0.010358,1.047172
GFC,212,-0.010405,1.047172
GFC,213,-0.00603,1.047172
GFC,214,0.007544,1.047172
GFC,215,0.004864,1.05465
GFC,216,-0.013674,1.05465
GFC,217,-0.010905,1.05465
GFC,218,0.004646,1.05465
GFC,219,0.001725,1.05465
GFC,220,0.014476,1.05465
GFC,221,-0.020285,1.05465
GFC,222,0.002913,1.05465
GFC,223,0.009734,1.05465
GFC,224,0.012128,1.05465
GFC,225,-0.010753,1.05465
GFC,226,-0.006212,1.05465
GFC,227,-0.000859,1.05465
GFC,228,-0.030107,1.05465
GFC,229,0.003145,1.05465
GFC,230,0.020656,1.05465
GFC,231,-0.029687,1.05465
GFC,232,0.004058,1.05465
GFC,233,0.014468,1.05465
GFC,234,0.004621,1.05465
GFC,235,-0.047585,1.05308
GFC,236,0.016737,1.05308
GFC,237,-0.044963,1.05308
GFC,238,0.029672,1.05308
GFC,239,0.039713,1.05308
GFC,240,-0.022639,1.05308
GFC,241,-0.022751,1.05308
GFC,242,0.003205,1.05308
GFC,243,0.015639,1.05308
GFC,244,0.000497,1.05308
GFC,245,-0.078362,1.05308
GFC,246,0.04139,1.05308
GFC,247,0.000603,1.05308
GFC,248,-0.036274,1.05308
GFC,249,-0.0135,1.05308
GFC,250,-0.050933,1.05308
GFC,251,-0.044786,1.05308
GFC,252,-0.025192,1.05308
GFC,253,-0.069839,1.05308
GFC,254,-0.024256,1.05308
GFC,255,0.145198,1.05308
GFC,256,-0.0148,1.05308
GFC,257,-0.098448,1.05308
GFC,258,0.041658,1.053981
GFC,259,-0.005972,1.053981
GFC,260,0.060079,1.053981
GFC,261,-0.029855,1.053981
GFC,262,-0.054455,1.053981
GFC,263,0.011585,1.053981
GFC,264,-0.050714,1.053981
GFC,265,-0.035501,1.053981
GFC,266,0.116855,1.053981
GFC,267,-0.007253,1.053981
GFC,268,0.034595,1.053981
GFC,269,0.005503,1.053981
GFC,270,0.002892,1.053981
GFC,271,0.033982,1.053981
GFC,272,-0.042028,1.053981
GFC,273,-0.055411,1.053981
GFC,274,0.033018,1.053981
GFC,275,-0.013105,1.053981
GFC,276,-0.030875,1.053981
GFC,277,-0.044002,1.053981
GFC,278,0.06234,1.053981
GFC,279,-0.049907,1.053981
GFC,280,-0.013277,1.044918
GFC,281,0.018837,1.044918
GFC,282,-0.064079,1.044918
GFC,283,-0.074233,1.044918
GFC,284,0.053943,1.044918
GFC,285,0.069291,1.044918
GFC,286,0.007409,1.044918
GFC,287,0.038641,1.044918
GFC,288,0.012588,1.044918
GFC,289,-0.088578,1.044918
GFC,290,0.038485,1.044918
GFC,291,0.024041,1.044918
GFC,292,-0.023133,1.044918
GFC,293,0.030832,1.044918
GFC,294,0.034914,1.044918
GFC,295,-0.016484,1.044918
GFC,296,0.006815,1.044918
GFC,297,-0.024081,1.044918
GFC,298,0.01194,1.044918
GFC,299,-0.013934,1.044918
GFC,300,0.047065,1.026417
GFC,301,-0.009686,1.026417
GFC,302,-0.018684,1.026417
GFC,303,-0.004301,1.026417
GFC,304,-0.012813,1.026417
GFC,305,-0.010338,1.026417
GFC,306,0.005803,1.026417
GFC,307,0.00577,1.026417
GFC,308,-0.002868,1.026417
GFC,309,0.023703,1.026417
GFC,310,0.014274,1.026417
GFC,311,0.030143,1.026417
GFC,312,-0.001184,1.026417
GFC,313,0.006677,1.026417
GFC,314,-0.029956,1.026417
GFC,315,0.004081,1.026417
GFC,316,-0.021419,1.026417
GFC,317,-0.024021,1.026417
GFC,318,0.00184,1.026417
GFC,319,-0.031454,1.026417
GFC,320,0.000355,1.017966
GFC,321,0.00782,1.017966
GFC,322,-0.052786,1.017966
GFC,323,0.043192,1.017966
GFC,324,-0.015467,1.017966
GFC,325,0.00435,1.017966
GFC,326,0.006859,1.017966
GFC,327,0.010158,1.017966
GFC,328,0.033834,1.017966
GFC,329,-0.032498,1.017966
GFC,330,-0.020343,1.017966
GFC,331,-0.003018,1.017966
GFC,332,0.014047,1.017966
GFC,333,-0.004896,1.017966
GFC,334,0.01488,1.017966
GFC,335,0.028498,1.017966
GFC,336,0.001379,1.017966
GFC,337,-0.04581,1.017966
GFC,338,0.005896,1.017966
GFC,339,0.000718,1.017966
GFC,340,-0.010758,1.017966
GFC,341,-0.042775,1.020543
GFC,342,-0.002398,1.020543
GFC,343,-0.010755,1.020543
GFC,344,-0.009721,1.020543
GFC,345,-0.035778,1.020543
GFC,346,0.03791,1.020543
GFC,347,-0.007873,1.020543
GFC,348,-0.016261,1.020543
GFC,349,-0.022348,1.020543
GFC,350,-0.045043,1.020543
GFC,351,-0.007507,1.020543
GFC,352,0.02369,1.020543
GFC,353,-0.040848,1.020543
GFC,354,0.001744,1.020543
GFC,355,-0.011753,1.020543
GFC,356,0.059609,1.020543
GFC,357,0.006512,1.020543
GFC,358,0.039372,1.020543
GFC,359,0.007815,1.020543
GFC,360,-0.003023,1.020543
GFC,361,0.030582,1.020543
GFC,362,0.022384,1.02426
GFC,363,-0.012386,1.02426
GFC,364,-0.021294,1.02426
GFC,365,0.071829,1.02426
GFC,366,-0.019703,1.02426
GFC,367,0.010546,1.02426
GFC,368,0.020381,1.02426
GFC,369,-0.018048,1.02426
GFC,370,-0.034554,1.02426
GFC,371,0.009265,1.02426
GFC,372,0.019366,1.02426
GFC,373,0.029238,1.02426
GFC,374,0.009948,1.02426
GFC,375,-0.007833,1.02426
GFC,376,-0.023325,1.02426
GFC,377,0.010777,1.02426
GFC,378,0.039743,1.02426
GFC,379,0.000233,1.02426
GFC,380,-0.017243,1.02426
GFC,381,0.01067,1.023249
GFC,382,0.014663,1.023249
GFC,383,0.006705,1.023249
GFC,384,-0.041915,1.023249
GFC,385,0.019538,1.023249
GFC,386,-0.006114,1.023249
GFC,387,0.009818,1.023249
GFC,388,0.015111,1.023249
GFC,389,-0.009462,1.023249
GFC,390,-0.003145,1.023249
GFC,391,0.021269,1.023249
GFC,392,0.000343,1.023249
GFC,393,0.005377,1.023249
GFC,394,0.03402,1.023249
GFC,395,-0.003411,1.023249
GFC,396,0.017335,1.023249
GFC,397,-0.013892,1.023249
GFC,398,0.023333,1.023249
GFC,399,-0.018714,1.023249
GFC,400,-0.002959,1.023249
GFC,401,-0.025173,1.023249
GFC,402,0.00857,1.023249
GFC,403,-0.008162,1.023249
GFC,404,0.028407,1.024279
GFC,405,-0.001206,1.024279
GFC,406,-0.006694,1.024279
GFC,407,-0.014363,1.024279
GFC,408,-0.00213,1.024279
GFC,409,0.025612,1.024279
GFC,410,-0.017853,1.024279
GFC,411,0.013941,1.024279
GFC,412,0.017707,1.024279
GFC,413,0.024209,1.024279
GFC,414,0.000844,1.024279
GFC,415,-0.012652,1.024279
GFC,416,0.009397,1.024279
GFC,417,0.000212,1.024279
GFC,418,-0.004125,1.024279
GFC,419,0.005097,1.024279
GFC,420,-0.002536,1.024279
GFC,421,0.004449,1.024279
GFC,422,0.002742,1.024279
GFC,423,-0.022928,1.025786
GFC,424,-0.013562,1.025786
GFC,425,-0.000982,1.025786
GFC,426,0.007318,1.025786
GFC,427,0.003686,1.025786
GFC,428,-0.029987,1.025786
GFC,429,0.000784,1.025786
GFC,430,0.008618,1.025786
GFC,431,0.021748,1.025786
GFC,432,-0.002606,1.025786
GFC,433,0.009364,1.025786
GFC,434,-0.008091,1.025786
GFC,435,0.004132,1.025786
GFC,436,-0.027293,1.025786
GFC,437,-0.000111,1.025786
GFC,438,-0.019376,1.025786
GFC,439,-0.000682,1.025786
GFC,440,0.001932,1.025786
GFC,441,-0.002382,1.025786
GFC,442,0.024329,1.025786
GFC,443,0.005661,1.025786
GFC,444,0.029246,1.025786
GFC,445,-0.001608,1.0343
GFC,446,0.010955,1.0343
GFC,447,0.010623,1.0343
GFC,448,0.004625,1.0343
GFC,449,-0.000209,1.0343
GFC,450,0.022082,1.0343
GFC,451,0.004096,1.0343
GFC,452,0.002957,1.0343
GFC,453,-0.004677,1.0343
GFC,454,-0.002452,1.0343
GFC,455,0.010445,1.0343
GFC,456,0.001419,1.0343
GFC,457,0.016496,1.0343
GFC,458,0.002589,1.0343
GFC,459,-0.00288,1.0343
GFC,460,-0.005179,1.0343
GFC,461,0.013114,1.0343
GFC,462,-0.002075,1.0343
GFC,463,-0.012477,1.0343
GFC,464,0.010729,1.0343
GFC,465,0.007639,1.0343
GFC,466,-0.00768,1.0343
GFC,467,-0.024605,1.033992
GFC,468,0.007934,1.033992
GFC,469,0.00878,1.033992
GFC,470,0.010305,1.033992
GFC,471,0.019606,1.033992
GFC,472,-9.7e-05,1.033992
GFC,473,0.001942,1.033992
GFC,474,9.7e-05,1.033992
GFC,475,0.002229,1.033992
GFC,476,-0.000194,1.033992
GFC,477,-0.008899,1.033992
GFC,478,-0.022057,1.033992
GFC,479,-0.003792,1.033992
GFC,480,0.008314,1.033992
GFC,481,0.014009,1.033992
GFC,482,0.008622,1.033992
GFC,483,0.007675,1.033992
GFC,484,0.010219,1.033992
GFC,485,-0.000191,1.033992
GFC,486,0.004868,1.033992
GFC,487,0.004179,1.037454
GFC,488,0.015135,1.037454
GFC,489,-0.001491,1.037454
GFC,490,0.000637,1.037454
GFC,491,-0.002529,1.037454
GFC,492,0.005825,1.037454
GFC,493,-0.008313,1.037454
GFC,494,-0.011019,1.037454
GFC,495,-0.005333,1.037454
GFC,496,0.017903,1.037454
GFC,497,-0.00301,1.037454
GFC,498,-0.003868,1.037454
GFC,499,-0.024813,1.037454
GFC,500,-0.004662,1.037454
GFC,501,0.014929,1.037454
GFC,502,0.014324,1.037454
GFC,503,0.002748,1.037454
GFC,504,0.007656,1.037454
GFC,505,0.006097,1.037454
GFC,506,0.003916,1.037454
GFC,507,-0.002043,1.037454
GFC,508,0.017216,1.037454
GFC,509,0.00366,1.037454
GFC,510,-0.007475,1.039457
GFC,511,0.008265,1.039457
GFC,512,-0.005282,1.039457
GFC,513,-0.008974,1.039457
GFC,514,0.010164,1.039457
GFC,515,-0.011434,1.039457
GFC,516,-0.010825,1.039457
GFC,517,-0.004584,1.039457
GFC,518,-0.018887,1.039457
GFC,519,0.021453,1.039457
GFC,520,-0.028973,1.039457
GFC,521,0.007339,1.039457
GFC,522,0.003163,1.039457
GFC,523,0.00258,1.039457
GFC,524,0.018395,1.039457
GFC,525,0.00262,1.039457
GFC,526,0.022776,1.039457
GFC,527,0.000182,1.039457
GFC,528,0.00511,1.039457
GFC,529,-0.010168,1.039457
GFC,530,0.005411,1.039457
GFC,531,0.014505,1.042578
GFC,532,0.001169,1.042578
GFC,533,-0.000628,1.042578
GFC,534,-0.013032,1.042578
GFC,535,-0.003551,1.042578
GFC,536,0.012703,1.042578
GFC,537,0.001534,1.042578
GFC,538,0.003514,1.042578
GFC,539,-0.016251,1.042578
GFC,540,0.003377,1.042578
GFC,541,0.01237,1.042578
GFC,542,-0.000449,1.042578
GFC,543,-0.00782,1.042578
GFC,544,0.005707,1.042578
GFC,545,-0.001531,1.042578
GFC,546,-0.011097,1.042578
GFC,547,0.00374,1.042578
GFC,548,0.005636,1.042578
GFC,549,0.004248,1.042578
GFC,550,0.00684,1.042578
GFC,551,-0.004648,1.042578
GFC,552,0.001527,1.046069
GFC,553,-0.012016,1.046069
GFC,554,0.005658,1.046069
GFC,555,0.010163,1.046069
GFC,556,0.003593,1.046069
GFC,557,0.001969,1.046069
GFC,558,0.004734,1.046069
GFC,559,0.002134,1.046069
GFC,560,-0.00142,1.046069
GFC,561,-0.000356,1.046069
GFC,562,-0.009598,1.046069
GFC,563,0.01696,1.046069
GFC,564,0.002647,1.046069
GFC,565,0.000704,1.046069
GFC,566,0.004222,1.046069
GFC,567,0.003328,1.046069
GFC,568,0.001396,1.046069
GFC,569,-0.009326,1.046069
GFC,570,0.008446,1.046069
GFC,571,0.002705,1.046069
GFC,572,-0.011224,1.046613
GFC,573,0.012496,1.046613
GFC,574,-0.010169,1.046613
GFC,575,-0.019229,1.046613
GFC,576,-0.022291,1.046613
GFC,577,0.005127,1.046613
GFC,578,-0.00419,1.046613
GFC,579,0.004757,1.046613
GFC,580,-0.011472,1.046613
GFC,581,-0.010869,1.046613
GFC,582,0.015551,1.046613
GFC,583,0.012104,1.046613
GFC,584,-0.004983,1.046613
GFC,585,-0.030865,1.046613
GFC,586,0.002066,1.046613
GFC,587,-0.007219,1.046613
GFC,588,0.012561,1.046613
GFC,589,-0.001958,1.046613
GFC,590,0.010466,1.046613
GFC,591,-0.000832,1.046613
GFC,592,0.015735,1.047292
GFC,593,0.004738,1.047292
GFC,594,0.005895,1.047292
GFC,595,0.002074,1.047292
GFC,596,0.000181,1.047292
GFC,597,-0.012145,1.047292
GFC,598,0.009198,1.047292
GFC,599,-0.001354,1.047292
GFC,600,0.000633,1.047292
GFC,601,0.010384,1.047292
GFC,602,0.00277,1.047292
GFC,603,0.000892,1.047292
GFC,604,0.003027,1.047292
GFC,605,0.014293,1.047292
GFC,606,0.000175,1.047292
GFC,607,0.001663,1.047292
GFC,608,0.004455,1.047292
GFC,609,0.004175,1.047292
GFC,610,8.7e-05,1.047292
GFC,611,0.00026,1.047292
GFC,612,0.007966,1.047292
GFC,613,0.005928,1.047292
GFC,614,-0.000512,1.046295
GFC,615,-0.005062,1.046295
GFC,616,0.005346,1.046295
GFC,617,0.007033,1.046295
GFC,618,-0.004855,1.046295
GFC,619,-0.001626,1.046295
GFC,620,-0.0006,1.046295
GFC,621,0.006347,1.046295
GFC,622,0.000682,1.046295
GFC,623,-0.003407,1.046295
GFC,624,0.006838,1.046295
GFC,625,0.008149,1.046295
GFC,626,0.002357,1.046295
GFC,627,-0.005712,1.046295
GFC,628,0.003464,1.046295
GFC,629,0.006567,1.046295
GFC,630,0.001589,1.046295
GFC,631,0.000752,1.046295
GFC,632,0.011349,1.046295
GFC,633,0.000825,1.046642
GFC,634,-0.015912,1.046642
GFC,635,0.00377,1.046642
GFC,636,0.008931,1.046642
GFC,637,-0.00182,1.046642
GFC,638,0.002983,1.046642
GFC,639,0.006528,1.046642
GFC,640,-0.003777,1.046642
GFC,641,-0.02365,1.046642
GFC,642,0.007596,1.046642
GFC,643,0.012397,1.046642
GFC,644,-0.016962,1.046642
GFC,645,0.012962,1.046642
GFC,646,-0.023515,1.046642
GFC,647,-0.005957,1.046642
GFC,648,-0.033214,1.046642
GFC,649,-0.014875,1.046642
GFC,650,0.044041,1.046642
GFC,651,-0.002841,1.046642
GFC,652,0.013986,1.046642
GFC,653,-0.012431,1.046642
GFC,654,-0.018105,1.046642
GFC,655,0.000527,1.046883
GFC,656,-0.013603,1.046883
GFC,657,-0.005694,1.046883
GFC,658,-0.037759,1.046883
GFC,659,0.014599,1.046883
GFC,660,-0.012831,1.046883
GFC,661,0.001021,1.046883
GFC,662,-0.006029,1.046883
GFC,663,0.033498,1.046883
GFC,664,-0.01255,1.046883
GFC,665,-0.016823,1.046883
GFC,666,0.026039,1.046883
GFC,667,0.003444,1.046883
GFC,668,-0.035137,1.046883
GFC,669,-0.012451,1.046883
GFC,670,0.010712,1.046883
GFC,671,-0.005346,1.046883
GFC,672,0.029231,1.046883
GFC,673,0.004856,1.046883
GFC,674,-0.00155,1.046883
GFC,675,0.022738,1.046339
GFC,676,-0.000357,1.046339
GFC,677,0.001608,1.046339
GFC,678,0.001084,1.046339
GFC,679,-0.002864,1.046339
GFC,680,-0.016516,1.046339
GFC,681,-0.003103,1.046339
GFC,682,-0.01657,1.046339
GFC,683,0.004189,1.046339
GFC,684,-0.003152,1.046339
GFC,685,-0.030875,1.046339
GFC,686,-0.0095,1.046339
GFC,687,-0.004457,1.046339
GFC,688,-0.005449,1.046339
GFC,689,0.006555,1.046339
GFC,690,0.031496,1.046339
GFC,691,0.009895,1.046339
GFC,692,0.007465,1.046339
GFC,693,0.000648,1.046339
GFC,694,0.015089,1.046339
GFC,695,-9.1e-05,1.046339
GFC,696,0.000274,1.046339
GFC,697,-0.027535,1.0459
GFC,698,0.005907,1.0459
GFC,699,0.011091,1.0459
GFC,700,-0.012998,1.0459
GFC,701,0.022321,1.0459
GFC,702,0.008679,1.0459
GFC,703,0.010415,1.0459
GFC,704,-8.9e-05,1.0459
GFC,705,-0.006454,1.0459
GFC,706,-0.004872,1.0459
GFC,707,-0.000182,1.0459
GFC,708,0.022581,1.0459
GFC,709,-0.004789,1.0459
GFC,710,0.006683,1.0459
GFC,711,-0.001062,1.0459
GFC,712,-0.004076,1.0459
GFC,713,0.005339,1.0459
GFC,714,-0.005399,1.0459
GFC,715,-0.027407,1.0459
GFC,716,-0.00613,1.0459
GFC,717,-0.002946,1.0459
GFC,718,-0.000461,1.047855
GFC,719,0.012285,1.047855
GFC,720,0.001825,1.047855
GFC,721,-0.017397,1.047855
GFC,722,-0.003244,1.047855
GFC,723,-0.003813,1.047855
GFC,724,-0.014843,1.047855
GFC,725,0.003886,1.047855
GFC,726,-0.006702,1.047855
GFC,727,0.01549,1.047855
GFC,728,-0.014505,1.047855
GFC,729,0.0,1.047855
GFC,730,0.029911,1.047855
GFC,731,0.009312,1.047855
GFC,732,0.012972,1.047855
GFC,733,-0.011273,1.047855
GFC,734,0.007023,1.047855
GFC,735,0.004619,1.047855
GFC,736,0.005049,1.047855
GFC,737,0.011123,1.047855
GFC,738,-0.000621,1.047855
GFC,739,0.003817,1.049387
GFC,740,-0.000265,1.049387
GFC,741,0.000374,1.049387
GFC,742,0.01529,1.049387
GFC,743,-0.002014,1.049387
GFC,744,-0.004913,1.049387
GFC,745,-0.008112,1.049387
GFC,746,0.020622,1.049387
GFC,747,-0.00479,1.049387
GFC,748,0.0035,1.049387
GFC,749,-0.001744,1.049387
GFC,750,-0.002971,1.049387
GFC,751,0.004205,1.049387
GFC,752,-0.007503,1.049387
GFC,753,0.020132,1.049387
GFC,754,-8.7e-05,1.049387
GFC,755,-0.001206,1.049387
GFC,756,0.005609,1.049387
GFC,757,0.000944,1.049387
GFC,758,0.003086,1.049387
GFC,759,0.007777,1.049387
GFC,760,-0.003901,1.049387
GFC,761,0.002043,1.049387
GFC,762,0.004928,1.051082
GFC,763,-0.013105,1.051082
GFC,764,0.009766,1.051082
GFC,765,0.002206,1.051082
GFC,766,0.001862,1.051082
GFC,767,0.002957,1.051082
GFC,768,0.000169,1.051082
GFC,769,-0.002864,1.051082
GFC,770,0.000169,1.051082
GFC,771,0.000761,1.051082
GFC,772,0.000338,1.051082
GFC,773,0.00793,1.051082
GFC,774,0.004017,1.051082
GFC,775,0.019258,1.051082
GFC,776,0.003762,1.051082
GFC,777,-0.001874,1.051082
GFC,778,-0.007184,1.051082
GFC,779,0.004029,1.051082
GFC,780,-0.003767,1.051082
GFC,781,-0.011838,1.051082
GFC,782,-0.001415,1.054741
GFC,783,-0.015579,1.054741
GFC,784,0.000508,1.054741
GFC,785,0.014718,1.054741
GFC,786,0.002751,1.054741
GFC,787,-0.000831,1.054741
GFC,788,-0.014477,1.054741
GFC,789,0.014774,1.054741
GFC,790,-0.011647,1.054741
GFC,791,0.00303,1.054741
GFC,792,-0.005622,1.054741
GFC,793,0.021268,1.054741
GFC,794,0.012808,1.054741
GFC,795,0.002693,1.054741
GFC,796,-0.001058,1.054741
GFC,797,0.00057,1.054741
GFC,798,0.003664,1.054741
GFC,799,0.003894,1.054741
GFC,800,0.005818,1.054741
GFC,801,0.000643,1.054741
GFC,802,0.000883,1.054741
GFC,803,-0.004572,1.054741
GFC,804,0.005802,1.057414
GFC,805,0.001071,1.057414
GFC,806,0.002413,1.057414
GFC,807,0.006341,1.057414
GFC,808,0.00311,1.057414
GFC,809,-0.001431,1.057414
GFC,810,0.000398,1.057414
GFC,811,0.001432,1.057414
GFC,812,0.000715,1.057414
GFC,813,-0.001588,1.057414
GFC,814,0.000239,1.057414
GFC,815,0.010338,1.057414
GFC,816,-0.000551,1.057414
GFC,817,0.005198,1.057414
GFC,818,-0.001958,1.057414
GFC,819,-0.001963,1.057414
GFC,820,-0.001258,1.057414
GFC,821,0.003544,1.057414
GFC,822,0.009024,1.057414
GFC,823,-0.001633,1.057414
GFC,824,0.007245,1.057414
GFC,825,0.001702,1.061661
GFC,826,-0.009805,1.061661
GFC,827,-0.001326,1.061661
GFC,828,0.002264,1.061661
GFC,829,0.005687,1.061661
GFC,830,0.000542,1.061661
GFC,831,0.003871,1.061661
GFC,832,0.002468,1.061661
GFC,833,-0.017463,1.061661
GFC,834,0.007516,1.061661
GFC,835,0.016009,1.061661
GFC,836,-0.001912,1.061661
GFC,837,0.002222,1.061661
GFC,838,0.002829,1.061661
GFC,839,0.006252,1.061661
GFC,840,0.004547,1.061661
GFC,841,-0.002263,1.061661
GFC,842,0.000378,1.061661
GFC,843,0.00597,1.061661
GFC,844,0.002404,1.061661
GFC,845,-0.003148,1.065104
GFC,846,0.006315,1.065104
GFC,847,0.002989,1.065104
GFC,848,0.002085,1.065104
GFC,849,-0.02007,1.065104
GFC,850,-0.006144,1.065104
GFC,851,-0.000687,1.065104
GFC,852,0.010693,1.065104
GFC,853,0.006197,1.065104
GFC,854,-0.016673,1.065104
GFC,855,0.002138,1.065104
GFC,856,0.017224,1.065104
GFC,857,-0.007492,1.065104
GFC,858,-0.007851,1.065104
GFC,859,0.00875,1.065104
GFC,860,-0.001433,1.065104
GFC,861,-0.018506,1.065104
GFC,862,0.006926,1.065104
GFC,863,-0.006038,1.065104
GFC,864,-0.011457,1.065104
GFC,865,-0.018513,1.065104
GFC,866,0.013235,1.065104
GFC,867,0.003637,1.068528
GFC,868,0.015498,1.068528
GFC,869,-0.003469,1.068528
GFC,870,0.002862,1.068528
GFC,871,0.009564,1.068528
GFC,872,0.003056,1.068528
GFC,873,-0.002437,1.068528
GFC,874,0.006719,1.068528
GFC,875,0.006901,1.068528
GFC,876,-0.001356,1.068528
GFC,877,0.004224,1.068528
GFC,878,0.000826,1.068528
GFC,879,-0.00015,1.068528
GFC,880,0.003152,1.068528
GFC,881,-0.002544,1.068528
GFC,882,-0.00345,1.068528
GFC,883,-0.00301,1.068528
GFC,884,-0.007474,1.068528
GFC,885,-7.6e-05,1.068528
GFC,886,0.000761,1.068528
GFC,887,0.003648,1.074056
GFC,888,-0.011209,1.074056
GFC,889,0.005745,1.074056
GFC,890,0.013632,1.074056
GFC,891,0.005109,1.074056
GFC,892,-0.001046,1.074056
GFC,893,0.008605,1.074056
GFC,894,0.006529,1.074056
GFC,895,0.003243,1.074056
GFC,896,0.002351,1.074056
GFC,897,-0.001539,1.074056
GFC,898,-0.003597,1.074056
GFC,899,-0.006631,1.074056
GFC,900,-0.009049,1.074056
GFC,901,0.004416,1.074056
GFC,902,0.003875,1.074056
GFC,903,0.008536,1.074056
GFC,904,-0.010525,1.074056
GFC,905,0.00476,1.074056
GFC,906,-0.007699,1.074056
GFC,907,-0.006342,1.079098
GFC,908,-0.00015,1.079098
GFC,909,0.008936,1.079098
GFC,910,0.002382,1.079098
GFC,911,-0.007945,1.079098
GFC,912,-0.011601,1.079098
GFC,913,-0.000833,1.079098
GFC,914,0.003334,1.079098
GFC,915,0.004608,1.079098
GFC,916,0.003835,1.079098
GFC,917,0.010411,1.079098
GFC,918,-0.022461,1.079098
GFC,919,-0.001062,1.079098
GFC,920,-0.009944,1.079098
GFC,921,-0.010582,1.079098
GFC,922,-0.00062,1.079098
GFC,923,-0.004187,1.079098
GFC,924,0.007631,1.079098
GFC,925,-0.01391,1.079098
GFC,926,0.000784,1.079098
GFC,927,0.012686,1.079098
GFC,928,-0.017785,1.082531
GFC,929,0.002204,1.082531
GFC,930,0.002984,1.082531
GFC,931,0.005116,1.082531
GFC,932,0.013704,1.082531
GFC,933,-0.006025,1.082531
GFC,934,-0.002875,1.082531
GFC,935,-0.011613,1.082531
GFC,936,0.008911,1.082531
GFC,937,0.013053,1.082531
GFC,938,0.008564,1.082531
GFC,939,0.009563,1.082531
GFC,940,0.014776,1.082531
GFC,941,-0.000822,1.082531
GFC,942,0.001196,1.082531
GFC,943,0.010375,1.082531
GFC,944,-0.007092,1.082531
GFC,945,-0.01808,1.082531
GFC,946,-0.00432,1.082531
GFC,947,0.003349,1.082531
GFC,948,-0.006902,1.082531
GFC,949,0.005805,1.082531
GFC,950,-0.008201,1.082531
GFC,951,0.016231,1.082531
GFC,952,-0.000603,1.082531
GFC,953,0.013872,1.082531
GFC,954,0.000669,1.082531
GFC,955,-0.005573,1.082531
GFC,956,-0.003736,1.082531
GFC,957,-0.020476,1.082531
GFC,958,-0.002909,1.082531
GFC,959,-0.006835,1.082531
GFC,960,-0.004253,1.082531
GFC,961,-0.025547,1.082531
GFC,962,0.005419,1.082531
GFC,963,-0.046842,1.082531
GFC,964,-0.001497,1.082531
GFC,965,-0.065123,1.082531
GFC,966,0.046499,1.082531
GFC,967,-0.044177,1.082531
GFC,968,0.044884,1.082531
GFC,969,0.006733,1.082531
GFC,970,0.021165,1.085367
GFC,971,-0.00854,1.085367
GFC,972,0.000669,1.085367
GFC,973,-0.043118,1.085367
GFC,974,-0.016331,1.085367
GFC,975,0.000799,1.085367
GFC,976,0.03291,1.085367
GFC,977,0.014084,1.085367
GFC,978,-0.015243,1.085367
GFC,979,0.014534,1.085367
GFC,980,0.028736,1.085367
GFC,981,0.002637,1.085367
GFC,982,0.004438,1.085367
GFC,983,-0.010473,1.085367
GFC,984,-0.02555,1.085367
GFC,985,-0.007297,1.085367
GFC,986,0.028207,1.085367
GFC,987,-0.010391,1.085367
GFC,988,-0.026209,1.085367
GFC,989,0.00647,1.085367
GFC,990,0.009171,1.085367
GFC,991,0.013844,1.085367
GFC,992,0.017257,1.088791
GFC,993,0.005919,1.088791
GFC,994,-0.009957,1.088791
GFC,995,-0.001164,1.088791
GFC,996,-0.029458,1.088791
GFC,997,-0.032324,1.088791
GFC,998,0.006025,1.088791
GFC,999,0.02378,1.088791
GFC,1000,0.011184,1.088791
GFC,1001,-0.020418,1.088791
GFC,1002,0.007903,1.088791
GFC,1003,-0.024989,1.088791
GFC,1004,-0.028458,1.088791
GFC,1005,0.021923,1.088791
GFC,1006,0.018515,1.088791
GFC,1007,0.018091,1.088791
GFC,1008,-0.006696,1.088791
GFC,1009,0.033446,1.088791
GFC,1010,0.001003,1.088791
GFC,1011,0.008772,1.088791
GFC,1012,-0.001987,1.088791
GFC,1013,0.017094,1.088791
GFC,1014,-0.019091,1.091156
GFC,1015,0.019546,1.091156
GFC,1016,-0.011829,1.091156
GFC,1017,0.004376,1.091156
GFC,1018,0.018987,1.091156
GFC,1019,0.012261,1.091156
GFC,1020,-0.019444,1.091156
GFC,1021,0.010159,1.091156
GFC,1022,0.034835,1.091156
GFC,1023,-0.000234,1.091156
GFC,1024,-0.024106,1.091156
GFC,1025,-0.027888,1.091156
GFC,1026,0.016311,1.091156
GFC,1027,0.018227,1.091156
GFC,1028,-0.006099,1.091156
GFC,1029,0.006216,1.091156
GFC,1030,0.012831,1.091156
GFC,1031,-0.036909,1.091156
GFC,1032,0.009419,1.091156
GFC,1033,0.018823,1.091156
GFC,1034,-0.009474,1.091156
GFC,1035,0.004942,1.091892
GFC,1036,-0.015863,1.091892
GFC,1037,-0.015877,1.091892
GFC,1038,-0.001065,1.091892
GFC,1039,-0.01902,1.091892
GFC,1040,-0.003927,1.091892
GFC,1041,-0.022066,1.091892
GFC,1042,-0.001887,1.091892
GFC,1043,0.028967,1.091892
GFC,1044,0.00284,1.091892
GFC,1045,0.04115,1.091892
GFC,1046,-0.000161,1.091892
GFC,1047,-0.00088,1.091892
GFC,1048,0.010892,1.091892
GFC,1049,0.000317,1.091892
GFC,1050,0.003723,1.091892
GFC,1051,-0.021937,1.091892
GFC,1052,0.016942,1.091892
GFC,1053,-0.014597,1.091892
GFC,1054,-0.009339,1.091892
GFC,1055,-0.010646,1.091892
GFC,1056,0.003614,1.091892
GFC,1057,0.001483,1.09391
GFC,1058,-0.010691,1.09391
GFC,1059,0.03026,1.09391
GFC,1060,0.001937,1.09391
GFC,1061,0.008859,1.09391
GFC,1062,0.008941,1.09391
GFC,1063,0.000791,1.09391
GFC,1064,-0.013124,1.09391
GFC,1065,0.010335,1.09391
GFC,1066,-0.004916,1.09391
GFC,1067,0.015936,1.09391
GFC,1068,0.001569,1.09391
GFC,1069,0.002662,1.09391
GFC,1070,-0.002577,1.09391
GFC,1071,0.002427,1.09391
GFC,1072,0.008671,1.09391
GFC,1073,0.000542,1.09391
GFC,1074,0.002399,1.09391
GFC,1075,-0.005173,1.09391
GFC,1076,0.003881,1.09417
GFC,1077,0.011056,1.09417
GFC,1078,0.005276,1.09417
GFC,1079,0.003727,1.09417
GFC,1080,-0.002576,1.09417
GFC,1081,-0.00114,1.09417
GFC,1082,0.008368,1.09417
GFC,1083,-0.00513,1.09417
GFC,1084,-0.000455,1.09417
GFC,1085,-0.003414,1.09417
GFC,1086,-0.000381,1.09417
GFC,1087,0.008757,1.09417
GFC,1088,0.001585,1.09417
GFC,1089,0.014019,1.09417
GFC,1090,-0.000669,1.09417
GFC,1091,0.002529,1.09417
GFC,1092,0.002968,1.09417
GFC,1093,0.001258,1.09417
GFC,1094,-0.007388,1.09417
GFC,1095,0.007443,1.09417
GFC,1096,-0.001256,1.09417
GFC,1097,-0.00466,1.097151
GFC,1098,0.011073,1.097151
GFC,1099,0.002646,1.097151
GFC,1100,0.00044,1.097151
GFC,1101,-0.003224,1.097151
GFC,1102,0.004411,1.097151
GFC,1103,0.002195,1.097151
GFC,1104,0.00168,1.097151
GFC,1105,0.002916,1.097151
GFC,1106,-0.003925,1.097151
GFC,1107,0.005182,1.097151
GFC,1108,-0.003049,1.097151
GFC,1109,-0.004079,1.097151
GFC,1110,-0.014625,1.097151
GFC,1111,0.006976,1.097151
GFC,1112,0.009948,1.097151
GFC,1113,0.003868,1.097151
GFC,1114,7.3e-05,1.097151
GFC,1115,0.018025,1.097151
GFC,1116,-0.001071,1.097151
GFC,1117,0.005789,1.097151
GFC,1118,0.001385,1.097151
GFC,1119,0.00392,1.099496
GFC,1120,-0.002911,1.099496
GFC,1121,-0.001638,1.099496
GFC,1122,-0.007203,1.099496
GFC,1123,0.003232,1.099496
GFC,1124,0.014036,1.099496
GFC,1125,-0.003107,1.099496
GFC,1126,-0.004958,1.099496
GFC,1127,-0.001709,1.099496
GFC,1128,0.004136,1.099496
GFC,1129,0.007314,1.099496
GFC,1130,-0.004089,1.099496
GFC,1131,-0.009911,1.099496
GFC,1132,-0.000501,1.099496
GFC,1133,-0.011231,1.099496
GFC,1134,-0.016785,1.099496
GFC,1135,0.008094,1.099496
GFC,1136,0.013065,1.099496
GFC,1137,-0.011888,1.099496
GFC,1138,-0.000656,1.101798
GFC,1139,0.014812,1.101798
GFC,1140,-0.003379,1.101798
GFC,1141,-0.006421,1.101798
GFC,1142,0.00167,1.101798
GFC,1143,-0.008409,1.101798
GFC,1144,0.003802,1.101798
GFC,1145,0.013692,1.101798
GFC,1146,0.006969,1.101798
GFC,1147,0.001641,1.101798
GFC,1148,-0.003704,1.101798
GFC,1149,0.00622,1.101798
GFC,1150,-0.002984,1.101798
GFC,1151,-0.007625,1.101798
GFC,1152,-0.016158,1.101798
GFC,1153,0.00073,1.101798
GFC,1154,-0.004012,1.101798
GFC,1155,-0.005932,1.101798
GFC,1156,0.002063,1.101798
GFC,1157,-0.003014,1.101798
GFC,1158,-0.011061,1.101798
GFC,1159,-0.005741,1.101798
GFC,1160,-0.003825,1.103627
GFC,1161,-0.014831,1.103627
GFC,1162,-0.008559,1.103627
GFC,1163,0.017188,1.103627
GFC,1164,0.001743,1.103627
GFC,1165,0.000529,1.103627
GFC,1166,0.001966,1.103627
GFC,1167,-0.003245,1.103627
GFC,1168,0.012112,1.103627
GFC,1169,-0.01451,1.103627
GFC,1170,-0.002201,1.103627
GFC,1171,-0.025177,1.103627
GFC,1172,-0.000469,1.103627
GFC,1173,0.007573,1.103627
GFC,1174,0.022468,1.103627
GFC,1175,0.000607,1.103627
GFC,1176,0.007951,1.103627
GFC,1177,-0.012697,1.103627
GFC,1178,0.011491,1.103627
GFC,1179,-0.006395,1.103627
GFC,1180,0.010601,1.103627
GFC,1181,0.010227,1.101345
GFC,1182,0.001938,1.101345
GFC,1183,0.009673,1.101345
GFC,1184,-0.001621,1.101345
GFC,1185,-0.022438,1.101345
GFC,1186,0.007701,1.101345
GFC,1187,-0.016035,1.101345
GFC,1188,0.005026,1.101345
GFC,1189,0.009017,1.101345
GFC,1190,-0.002854,1.101345
GFC,1191,0.024927,1.101345
GFC,1192,0.003012,1.101345
GFC,1193,0.006593,1.101345
GFC,1194,-0.004512,1.101345
GFC,1195,-0.009503,1.101345
GFC,1196,-0.001255,1.101345
GFC,1197,-0.00872,1.101345
GFC,1198,0.000149,1.101345
GFC,1199,-0.004845,1.101345
GFC,1200,0.016778,1.101345
GFC,1201,-0.002357,1.100435
GFC,1202,0.006867,1.100435
GFC,1203,0.007407,1.100435
GFC,1204,0.002621,1.100435
GFC,1205,-0.009148,1.100435
GFC,1206,-0.010112,1.100435
GFC,1207,-0.008587,1.100435
GFC,1208,0.000224,1.100435
GFC,1209,0.016497,1.100435
GFC,1210,0.018433,1.100435
GFC,1211,0.0,1.100435
GFC,1212,-0.006995,1.100435
GFC,1213,-0.000871,1.100435
GFC,1214,-0.006904,1.100435
GFC,1215,0.019833,1.100435
GFC,1216,0.001938,1.100435
GFC,1217,0.005014,1.100435
GFC,1218,0.001212,1.100435
GFC,1219,0.000854,1.100435
GFC,1220,0.001636,1.100435
GFC,1221,-0.000497,1.100435
GFC,1222,0.000142,1.100435
GFC,1223,0.001136,1.100753
GFC,1224,0.007378,1.100753
GFC,1225,0.001338,1.100753
GFC,1226,7e-05,1.100753
GFC,1227,-0.003024,1.100753
GFC,1228,0.000424,1.100753
GFC,1229,-0.00818,1.100753
GFC,1230,0.006043,1.100753
GFC,1231,0.000212,1.100753
GFC,1232,-0.000989,1.100753
GFC,1233,0.000778,1.100753
GFC,1234,-0.007208,1.100753
GFC,1235,0.004769,1.100753
GFC,1236,-0.000921,1.100753
GFC,1237,-0.000851,1.100753
GFC,1238,0.020297,1.100753
GFC,1239,0.003895,1.100753
GFC,1240,-0.005681,1.100753
GFC,1241,0.002787,1.100753
GFC,1242,0.003336,1.100753
GFC,1243,0.015237,1.100753
GFC,1244,0.004435,1.100753
GFC,1245,-0.003396,1.107148
GFC,1246,-0.000818,1.107148
GFC,1247,0.000545,1.107148
GFC,1248,6.9e-05,1.107148
GFC,1249,-0.000418,1.107148
GFC,1250,-0.001508,1.107148
GFC,1251,-0.010642,1.107148
GFC,1252,-0.005621,1.107148
GFC,1253,0.009421,1.107148
GFC,1254,-0.004633,1.107148
GFC,1255,0.00264,1.107148
GFC,1256,0.001039,1.107148
GFC,1257,0.004083,1.107148
GFC,1258,0.007169,1.107148
GFC,1259,6.8e-05,1.107148
GFC,1260,-0.003421,1.107148
GFC,1261,-0.009888,1.107148
GFC,1262,-0.00638,1.107148
GFC,1263,0.000558,1.107148
GFC,1264,-0.003278,1.107148
GFC,1265,0.008328,1.107148
GFC,1266,0.010134,1.11243
GFC,1267,0.004534,1.11243
GFC,1268,-0.002599,1.11243
GFC,1269,-0.016664,1.11243
GFC,1270,0.00014,1.11243
GFC,1271,-0.013877,1.11243
GFC,1272,-0.002829,1.11243
GFC,1273,0.002908,1.11243
GFC,1274,-0.000566,1.11243
GFC,1275,0.0,1.11243
GFC,1276,0.010471,1.11243
GFC,1277,-0.008892,1.11243
GFC,1278,0.002049,1.11243
GFC,1279,0.007825,1.11243
GFC,1280,-0.022664,1.11243
GFC,1281,-0.012024,1.11243
GFC,1282,0.000869,1.11243
GFC,1283,0.000796,1.11243
GFC,1284,-0.003471,1.11243
GFC,1285,-0.013499,1.11243
GFC,1286,-0.001692,1.11543
GFC,1287,0.004937,1.11543
GFC,1288,0.02024,1.11543
GFC,1289,0.000431,1.11543
GFC,1290,0.001867,1.11543
GFC,1291,0.013625,1.11543
GFC,1292,-0.002122,1.11543
GFC,1293,-0.005105,1.11543
GFC,1294,0.008052,1.11543
GFC,1295,0.004666,1.11543
GFC,1296,0.000211,1.11543
GFC,1297,-0.004924,1.11543
GFC,1298,-0.001414,1.11543
GFC,1299,0.00177,1.11543
GFC,1300,0.003392,1.11543
GFC,1301,0.003029,1.11543
GFC,1302,0.000421,1.11543
GFC,1303,0.006809,1.11543
GFC,1304,0.000488,1.11543
GFC,1305,-0.006132,1.11543
GFC,1306,-0.003716,1.11543
GFC,1307,0.011752,1.113557
GFC,1308,0.011129,1.113557
GFC,1309,-0.00743,1.113557
GFC,1310,0.005753,1.113557
GFC,1311,-0.009078,1.113557
GFC,1312,-0.003081,1.113557
GFC,1313,-0.004215,1.113557
GFC,1314,-0.00134,1.113557
GFC,1315,-0.010808,1.113557
GFC,1316,0.016997,1.113557
GFC,1317,0.02563,1.113557
GFC,1318,-0.002259,1.113557
GFC,1319,0.004392,1.113557
GFC,1320,-0.002732,1.113557
GFC,1321,-0.002877,1.113557
GFC,1322,0.002542,1.113557
GFC,1323,0.00795,1.113557
GFC,1324,-6.8e-05,1.113557
GFC,1325,-0.00068,1.113557
GFC,1326,0.000681,1.113422
GFC,1327,-0.000136,1.113422
GFC,1328,0.00646,1.113422
GFC,1329,0.00223,1.113422
GFC,1330,0.005394,1.113422
GFC,1331,0.001609,1.113422
GFC,1332,0.000269,1.113422
GFC,1333,0.005621,1.113422
GFC,1334,-0.001198,1.113422
GFC,1335,0.003932,1.113422
GFC,1336,-0.003917,1.113422
GFC,1337,-0.002465,1.113422
GFC,1338,0.010287,1.113422
GFC,1339,-0.01124,1.113422
GFC,1340,0.010098,1.113422
GFC,1341,0.000728,1.113422
GFC,1342,-0.001323,1.113422
GFC,1343,0.005565,1.113422
GFC,1344,-0.000198,1.113422
GFC,1345,0.001647,1.113422
GFC,1346,0.000856,1.113422
GFC,1347,0.00092,1.113422
GFC,1348,-0.001182,1.115627
GFC,1349,0.007495,1.115627
GFC,1350,-0.012463,1.115627
GFC,1351,-0.006079,1.115627
GFC,1352,0.009773,1.115627
GFC,1353,-0.019027,1.115627
GFC,1354,0.006846,1.115627
GFC,1355,0.012599,1.115627
GFC,1356,-0.001975,1.115627
GFC,1357,0.003298,1.115627
GFC,1358,0.005325,1.115627
GFC,1359,0.008959,1.115627
GFC,1360,0.001361,1.115627
GFC,1361,0.001812,1.115627
GFC,1362,0.004264,1.115627
GFC,1363,0.003796,1.115627
GFC,1364,-0.002244,1.115627
GFC,1365,0.001413,1.115627
GFC,1366,0.005324,1.115627
GFC,1367,-0.00132,1.115627
GFC,1368,-0.005519,1.121685
GFC,1369,-0.002323,1.121685
GFC,1370,0.006985,1.121685
GFC,1371,-0.008543,1.121685
GFC,1372,0.008033,1.121685
GFC,1373,-0.004178,1.121685
GFC,1374,0.008003,1.121685
GFC,1375,0.0,1.121685
GFC,1376,0.003073,1.121685
GFC,1377,-0.003957,1.121685
GFC,1378,0.004935,1.121685
GFC,1379,-0.01014,1.121685
GFC,1380,0.004059,1.121685
GFC,1381,-0.004491,1.121685
GFC,1382,0.006767,1.121685
GFC,1383,0.003457,1.121685
GFC,1384,0.012249,1.121685
GFC,1385,0.003277,1.121685
GFC,1386,-0.00245,1.121685
GFC,1387,-0.023174,1.118531
GFC,1388,0.014763,1.118531
GFC,1389,-0.014611,1.118531
GFC,1390,-0.006254,1.118531
GFC,1391,0.008694,1.118531
GFC,1392,0.004438,1.118531
GFC,1393,0.010309,1.118531
GFC,1394,0.000634,1.118531
GFC,1395,0.004054,1.118531
GFC,1396,-0.001767,1.118531
GFC,1397,0.006699,1.118531
GFC,1398,0.002385,1.118531
GFC,1399,-0.008767,1.118531
GFC,1400,0.009287,1.118531
GFC,1401,0.010141,1.118531
GFC,1402,0.00254,1.118531
GFC,1403,0.005069,1.118531
GFC,1404,0.004551,1.118531
GFC,1405,-0.002816,1.118531
GFC,1406,0.003254,1.118531
GFC,1407,0.000796,1.118531
GFC,1408,0.010334,1.118531
GFC,1409,0.005386,1.118531
GFC,1410,-0.004695,1.116196
GFC,1411,0.009677,1.116196
GFC,1412,-6e-05,1.116196
GFC,1413,0.001438,1.116196
GFC,1414,-0.007418,1.116196
GFC,1415,-0.002893,1.116196
GFC,1416,-0.000846,1.116196
GFC,1417,0.005989,1.116196
GFC,1418,-0.006494,1.116196
GFC,1419,0.003692,1.116196
GFC,1420,-0.014352,1.116196
GFC,1421,0.005506,1.116196
GFC,1422,-0.004807,1.116196
GFC,1423,-0.014001,1.116196
GFC,1424,0.009053,1.116196
GFC,1425,0.01272,1.116196
GFC,1426,0.0,1.116196
GFC,1427,-0.010315,1.116196
GFC,1428,-0.008277,1.116196
GFC,1429,0.015208,1.116196
GFC,1430,-0.006273,1.116196
GFC,1431,0.007722,1.116658
GFC,1432,0.007906,1.116658
GFC,1433,-0.013817,1.116658
GFC,1434,-0.024779,1.116658
GFC,1435,0.003211,1.116658
GFC,1436,-0.012636,1.116658
GFC,1437,0.009614,1.116658
GFC,1438,0.009901,1.116658
GFC,1439,0.00587,1.116658
GFC,1440,-0.004097,1.116658
GFC,1441,0.005859,1.116658
GFC,1442,-0.00093,1.116658
GFC,1443,0.000434,1.116658
GFC,1444,0.010789,1.116658
GFC,1445,0.005704,1.116658
GFC,1446,0.007198,1.116658
GFC,1447,0.000363,1.116658
GFC,1448,0.013621,1.116658
GFC,1449,0.000418,1.116658
GFC,1450,0.003821,1.116658
GFC,1451,-0.003747,1.119316
GFC,1452,0.002567,1.119316
GFC,1453,0.005478,1.119316
GFC,1454,0.001776,1.119316
GFC,1455,0.001951,1.119316
GFC,1456,-0.002124,1.119316
GFC,1457,-0.003665,1.119316
GFC,1458,0.002433,1.119316
GFC,1459,0.001066,1.119316
GFC,1460,-0.003075,1.119316
GFC,1461,0.0,1.119316
GFC,1462,0.000712,1.119316
GFC,1463,0.011558,1.119316
GFC,1464,0.001699,1.119316
GFC,1465,-0.001463,1.119316
GFC,1466,-0.005682,1.119316
GFC,1467,-0.003241,1.119316
GFC,1468,0.003665,1.119316
GFC,1469,-0.002886,1.119316
GFC,1470,-0.001182,1.119316
GFC,1471,0.002957,1.119316
GFC,1472,-0.005129,1.119316
GFC,1473,-0.013987,1.121507
GFC,1474,-0.003305,1.121507
GFC,1475,-0.006392,1.121507
GFC,1476,0.004916,1.121507
GFC,1477,-0.00616,1.121507
GFC,1478,0.009115,1.121507
GFC,1479,0.003373,1.121507
GFC,1480,-0.003721,1.121507
GFC,1481,-0.016084,1.121507
GFC,1482,0.003551,1.121507
GFC,1483,0.001587,1.121507
GFC,1484,-0.003167,1.121507
GFC,1485,0.004522,1.121507
GFC,1486,0.008272,1.121507
GFC,1487,0.001267,1.121507
GFC,1488,0.000482,1.121507
GFC,1489,0.009576,1.121507
GFC,1490,0.007397,1.121507
GFC,1491,0.003138,1.121507
GFC,1492,-0.002656,1.121507
GFC,1493,0.002249,1.121507
GFC,1494,0.005787,1.124184
GFC,1495,0.004463,1.124184
GFC,1496,0.011574,1.124184
GFC,1497,-0.001676,1.124184
GFC,1498,-0.006991,1.124184
GFC,1499,-0.004628,1.124184
GFC,1500,-0.002353,1.124184
GFC,1501,-0.002891,1.124184
GFC,1502,0.003845,1.124184
GFC,1503,-0.004596,1.124184
GFC,1504,-0.005329,1.124184
GFC,1505,0.007916,1.124184
GFC,1506,-0.000944,1.124184
GFC,1507,-0.009221,1.124184
GFC,1508,0.007577,1.124184
GFC,1509,-0.008645,1.124184
GFC,1510,-0.011647,1.124184
GFC,1511,0.000726,1.124184
GFC,1512,0.021558,1.124184
GFC,1513,0.006443,1.124184
GFC,1514,0.003994,1.124184
GFC,1515,-0.007254,1.124184
GFC,1516,0.013965,1.124608
GFC,1517,0.006684,1.124608
GFC,1518,0.006754,1.124608
GFC,1519,5.7e-05,1.124608
GFC,1520,0.005791,1.124608
GFC,1521,-0.004789,1.124608
GFC,1522,0.003322,1.124608
GFC,1523,0.004568,1.124608
GFC,1524,0.001591,1.124608
GFC,1525,0.005334,1.124608
GFC,1526,-0.004967,1.124608
GFC,1527,-0.002836,1.124608
GFC,1528,0.00239,1.124608
GFC,1529,0.003519,1.124608
GFC,1530,-0.003167,1.124608
GFC,1531,0.005106,1.124608
GFC,1532,-0.012643,1.124608
GFC,1533,0.013491,1.124608
GFC,1534,0.000169,1.124608
GFC,1535,-0.00203,1.124608
GFC,1536,0.008025,1.124608
GFC,1537,0.004989,1.124608
GFC,1538,0.004351,1.12521
GFC,1539,-0.003499,1.12521
GFC,1540,-0.002173,1.12521
GFC,1541,-0.003128,1.12521
GFC,1542,0.008068,1.12521
GFC,1543,0.005003,1.12521
GFC,1544,-0.000995,1.12521
GFC,1545,0.000276,1.12521
GFC,1546,0.002435,1.12521
GFC,1547,-0.000663,1.12521
GFC,1548,-0.002597,1.12521
GFC,1549,-0.00432,1.12521
GFC,1550,-0.000111,1.12521
GFC,1551,-0.004396,1.12521
GFC,1552,0.011177,1.12521
GFC,1553,0.002542,1.12521
GFC,1554,-0.003583,1.12521
GFC,1555,-0.011231,1.12521
GFC,1556,-0.003301,1.12521
GFC,1557,-0.000113,1.12521
GFC,1558,0.006232,1.127286
GFC,1559,-0.003181,1.127286
GFC,1560,0.017073,1.127286
GFC,1561,-0.001156,1.127286
GFC,1562,0.005816,1.127286
GFC,1563,0.005343,1.127286
GFC,1564,0.002191,1.127286
GFC,1565,0.005084,1.127286
GFC,1566,-5.5e-05,1.127286
GFC,1567,-0.000163,1.127286
GFC,1568,0.004733,1.127286
GFC,1569,-0.009584,1.127286
GFC,1570,-0.000164,1.127286
GFC,1571,-0.002898,1.127286
GFC,1572,0.006141,1.127286
GFC,1573,0.000218,1.127286
GFC,1574,0.000654,1.127286
GFC,1575,0.002723,1.127286
GFC,1576,-0.013305,1.127286
GFC,1577,0.010897,1.127286
GFC,1578,0.00539,1.130266
GFC,1579,-0.0013,1.130266
GFC,1580,-0.004229,1.130266
GFC,1581,0.00294,1.130266
GFC,1582,0.000652,1.130266
GFC,1583,-0.008193,1.130266
GFC,1584,-0.021336,1.130266
GFC,1585,-0.004919,1.130266
GFC,1586,0.005955,1.130266
GFC,1587,-0.009605,1.130266
GFC,1588,0.010601,1.130266
GFC,1589,-0.005858,1.130266
GFC,1590,-0.022506,1.130266
GFC,1591,0.007004,1.130266
GFC,1592,-0.001254,1.130266
GFC,1593,0.013187,1.130266
GFC,1594,0.012396,1.130266
GFC,1595,0.001837,1.130266
GFC,1596,0.010943,1.130266
GFC,1597,0.000495,1.130266
GFC,1598,0.005163,1.130266
GFC,1599,0.005519,1.130266
GFC,1600,0.001196,1.133006
GFC,1601,-0.006622,1.133006
GFC,1602,0.005901,1.133006
GFC,1603,-0.001141,1.133006
GFC,1604,0.005547,1.133006
GFC,1605,-0.000379,1.133006
GFC,1606,5.4e-05,1.133006
GFC,1607,0.005248,1.133006
GFC,1608,0.002529,1.133006
GFC,1609,-0.007032,1.133006
GFC,1610,0.014055,1.133006
GFC,1611,0.000907,1.133006
GFC,1612,0.00229,1.133006
GFC,1613,0.000426,1.133006
GFC,1614,-0.000531,1.133006
GFC,1615,-0.004943,1.133006
GFC,1616,0.000267,1.133006
GFC,1617,-0.011213,1.133006
GFC,1618,-0.002808,1.133006
GFC,1619,0.009044,1.133006
GFC,1620,0.007138,1.134253
GFC,1621,-0.005329,1.134253
GFC,1622,0.00584,1.134253
GFC,1623,-0.003879,1.134253
GFC,1624,-0.004135,1.134253
GFC,1625,0.004746,1.134253
GFC,1626,-0.007193,1.134253
GFC,1627,-0.002108,1.134253
GFC,1628,0.00493,1.134253
GFC,1629,0.008194,1.134253
GFC,1630,0.006631,1.134253
GFC,1631,0.003347,1.134253
GFC,1632,-0.001324,1.134253
GFC,1633,-0.011822,1.134253
GFC,1634,-0.011051,1.134253
GFC,1635,0.004123,1.134253
GFC,1636,0.010751,1.134253
GFC,1637,-0.021006,1.134253
GFC,1638,-0.009009,1.134253
GFC,1639,0.007878,1.134253
GFC,1640,0.006887,1.13657
GFC,1641,0.010478,1.13657
GFC,1642,0.001397,1.13657
GFC,1643,0.003487,1.13657
GFC,1644,0.004545,1.13657
GFC,1645,-0.002342,1.13657
GFC,1646,0.002028,1.13657
GFC,1647,-0.008199,1.13657
GFC,1648,0.003167,1.13657
GFC,1649,0.004655,1.13657
GFC,1650,0.002983,1.13657
GFC,1651,0.000106,1.13657
GFC,1652,-0.001433,1.13657
GFC,1653,0.001914,1.13657
GFC,1654,-0.008704,1.13657
GFC,1655,0.005889,1.13657
GFC,1656,-0.001065,1.13657
GFC,1657,0.001492,1.13657
GFC,1658,0.009736,1.13657
GFC,1659,0.000896,1.13657
GFC,1660,-0.004738,1.13657
GFC,1661,-0.00878,1.13657
GFC,1662,0.003469,1.138688
GFC,1663,0.003669,1.138688
GFC,1664,-0.006305,1.138688
GFC,1665,0.008425,1.138688
GFC,1666,0.002432,1.138688
GFC,1667,0.004009,1.138688
GFC,1668,0.006146,1.138688
GFC,1669,-0.000731,1.138688
GFC,1670,0.005173,1.138688
GFC,1671,0.001611,1.138688
GFC,1672,0.001142,1.138688
GFC,1673,-0.000518,1.138688
GFC,1674,0.002022,1.138688
GFC,1675,0.006522,1.138688
GFC,1676,0.004783,1.138688
GFC,1677,0.001023,1.138688
GFC,1678,0.000102,1.138688
GFC,1679,-0.003476,1.138688
GFC,1680,-0.00708,1.138688
GFC,1681,0.003049,1.138688
GFC,1682,0.000824,1.140855
GFC,1683,0.002779,1.140855
GFC,1684,0.00734,1.140855
GFC,1685,0.001121,1.140855
GFC,1686,0.00203,1.140855
GFC,1687,-0.000306,1.140855
GFC,1688,-0.006024,1.140855
GFC,1689,0.004519,1.140855
GFC,1690,-0.000716,1.140855
GFC,1691,0.001944,1.140855
GFC,1692,-0.00051,1.140855
GFC,1693,0.006693,1.140855
GFC,1694,0.001015,1.140855
GFC,1695,0.004918,1.140855
GFC,1696,-0.003481,1.140855
GFC,1697,-0.00643,1.140855
GFC,1698,0.004485,1.140855
GFC,1699,-0.003957,1.140855
GFC,1700,0.001375,1.140855
GFC,1701,0.005036,1.140855
GFC,1702,-0.001872,1.140855
GFC,1703,0.003701,1.142363
GFC,1704,-0.011365,1.142363
GFC,1705,0.010219,1.142363
GFC,1706,-0.001872,1.142363
GFC,1707,0.004358,1.142363
GFC,1708,0.00222,1.142363
GFC,1709,5e-05,1.142363
GFC,1710,-0.004682,1.142363
GFC,1711,0.000405,1.142363
GFC,1712,-0.004297,1.142363
GFC,1713,0.000152,1.142363
GFC,1714,-0.019748,1.142363
GFC,1715,-0.003056,1.142363
GFC,1716,0.007221,1.142363
GFC,1717,-0.009696,1.142363
GFC,1718,0.000313,1.142363
GFC,1719,-0.005415,1.142363
GFC,1720,0.011569,1.142363
GFC,1721,0.002898,1.142363
GFC,1722,-0.001393,1.142363
GFC,1723,0.006769,1.142363
GFC,1724,0.004722,1.142363
GFC,1725,-0.000204,1.143648
GFC,1726,0.008379,1.143648
GFC,1727,0.005219,1.143648
GFC,1728,0.002671,1.143648
GFC,1729,0.002916,1.143648
GFC,1730,-0.001554,1.143648
GFC,1731,0.00507,1.143648
GFC,1732,0.00065,1.143648
GFC,1733,-0.000399,1.143648
GFC,1734,-0.00055,1.143648
GFC,1735,0.002848,1.143648
GFC,1736,-0.000498,1.143648
GFC,1737,-0.000548,1.143648
GFC,1738,-0.001447,1.143648
GFC,1739,0.004496,1.143648
GFC,1740,-0.002586,1.143648
GFC,1741,-0.006331,1.143648
GFC,1742,0.003763,1.143648
GFC,1743,0.001149,1.143648
GFC,1744,-0.005841,1.143648
GFC,1745,-0.000753,1.143465
GFC,1746,0.007539,1.143465
GFC,1747,0.001347,1.143465
GFC,1748,0.00533,1.143465
GFC,1749,-0.000901,1.143465
GFC,1750,-0.007723,1.143465
GFC,1751,-0.005724,1.143465
GFC,1752,0.007828,1.143465
GFC,1753,-0.016136,1.143465
GFC,1754,0.007946,1.143465
GFC,1755,-0.001819,1.143465
GFC,1756,-0.002632,1.143465
GFC,1757,-0.013552,1.143465
GFC,1758,0.000154,1.143465
GFC,1759,0.011009,1.143465
GFC,1760,-0.00117,1.143465
GFC,1761,-0.015436,1.143465
GFC,1762,0.017489,1.143465
GFC,1763,-0.019834,1.143465
GFC,1764,-0.011414,1.143465
GFC,1765,-0.016426,1.143465
GFC,1766,0.001547,1.143465
GFC,1767,-0.006766,1.143465
GFC,1768,-0.000858,1.143547
GFC,1769,0.01181,1.143547
GFC,1770,0.00971,1.143547
GFC,1771,0.019811,1.143547
GFC,1772,-0.007111,1.143547
GFC,1773,0.011625,1.143547
GFC,1774,0.007695,1.143547
GFC,1775,-0.001374,1.143547
GFC,1776,0.01147,1.143547
GFC,1777,-0.001512,1.143547
GFC,1778,0.006411,1.143547
GFC,1779,0.011435,1.143547
GFC,1780,0.000546,1.143547
GFC,1781,-0.003469,1.143547
GFC,1782,0.006315,1.143547
GFC,1783,0.004004,1.143547
GFC,1784,0.000935,1.143547
GFC,1785,0.003147,1.143547
GFC,1786,0.000981,1.143547
GFC,1787,-0.001078,1.143547
GFC,1788,0.001128,1.143547
GFC,1789,0.000245,1.143547
GFC,1790,0.000637,1.143321
GFC,1791,0.005774,1.143321
GFC,1792,-0.001606,1.143321
GFC,1793,0.001754,1.143321
GFC,1794,0.005351,1.143321
GFC,1795,0.002806,1.143321
GFC,1796,-0.000724,1.143321
GFC,1797,0.00256,1.143321
GFC,1798,-0.00212,1.143321
GFC,1799,-0.00695,1.143321
GFC,1800,0.006464,1.143321
GFC,1801,0.003863,1.143321
GFC,1802,-0.001106,1.143321
GFC,1803,0.001637,1.143321
GFC,1804,-0.006683,1.143321
GFC,1805,-0.000677,1.143321
GFC,1806,-0.016032,1.143321
GFC,1807,0.00507,1.143321
GFC,1808,-0.016161,1.143321
GFC,1809,-0.006869,1.143321
GFC,1810,-0.00802,1.141168
GFC,1811,0.019605,1.141168
GFC,1812,0.024729,1.141168
GFC,1813,0.004255,1.141168
GFC,1814,0.0046,1.141168
GFC,1815,0.001349,1.141168
GFC,1816,9.6e-05,1.141168
GFC,1817,0.003225,1.141168
GFC,1818,0.001343,1.141168
GFC,1819,-0.005366,1.141168
GFC,1820,-0.009923,1.141168
GFC,1821,-0.000535,1.141168
GFC,1822,-0.01806,1.141168
GFC,1823,-0.009419,1.141168
GFC,1824,0.012461,1.141168
GFC,1825,0.017745,1.141168
GFC,1826,-0.008014,1.141168
GFC,1827,-0.007833,1.141168
GFC,1828,-0.002813,1.141168
GFC,1829,-0.006037,1.141168
GFC,1830,-0.009161,1.137648
GFC,1831,0.013114,1.137648
GFC,1832,0.002133,1.137648
GFC,1833,0.005048,1.137648
GFC,1834,0.014871,1.137648
GFC,1835,-0.005483,1.137648
GFC,1836,0.002342,1.137648
GFC,1837,-0.01319,1.137648
GFC,1838,-0.012825,1.137648
GFC,1839,0.009243,1.137648
GFC,1840,-0.012574,1.137648
GFC,1841,0.012384,1.137648
GFC,1842,0.014461,1.137648
GFC,1843,-0.003808,1.137648
GFC,1844,0.010095,1.137648
GFC,1845,-0.002765,1.137648
GFC,1846,-0.004476,1.137648
GFC,1847,0.010653,1.137648
GFC,1848,0.00058,1.137648
GFC,1849,0.009617,1.137648
GFC,1850,0.004117,1.137648
GFC,1851,0.001573,1.130401
GFC,1852,9.5e-05,1.130401
GFC,1853,-0.000714,1.130401
GFC,1854,0.006,1.130401
GFC,1855,-0.000142,1.130401
GFC,1856,0.002841,1.130401
GFC,1857,-0.00085,1.130401
GFC,1858,-0.001181,1.130401
GFC,1859,-0.003406,1.130401
GFC,1860,0.006313,1.130401
GFC,1861,-0.004104,1.130401
GFC,1862,-0.004216,1.130401
GFC,1863,0.001094,1.130401
GFC,1864,-0.014064,1.130401
GFC,1865,0.004145,1.130401
GFC,1866,-0.016222,1.130401
GFC,1867,-0.002342,1.130401
GFC,1868,0.012714,1.130401
GFC,1869,-0.006132,1.130401
GFC,1870,0.013361,1.130401
GFC,1871,-0.002973,1.130401
GFC,1872,0.012022,1.133266
GFC,1873,-0.004562,1.133266
GFC,1874,0.008827,1.133266
GFC,1875,-0.001949,1.133266
GFC,1876,-0.005619,1.133266
GFC,1877,-0.014654,1.133266
GFC,1878,-0.002381,1.133266
GFC,1879,0.002289,1.133266
GFC,1880,0.0122,1.133266
GFC,1881,-0.00874,1.133266
GFC,1882,-0.003537,1.133266
GFC,1883,0.003597,1.133266
GFC,1884,0.006733,1.133266
GFC,1885,-0.002646,1.133266
GFC,1886,0.003377,1.133266
GFC,1887,0.004424,1.133266
GFC,1888,0.005457,1.133266
GFC,1889,-0.004523,1.133266
GFC,1890,0.001913,1.133266
GFC,1891,0.004487,1.136319
GFC,1892,-0.000285,1.136319
GFC,1893,-0.011503,1.136319
GFC,1894,0.009137,1.136319
GFC,1895,-0.001191,1.136319
GFC,1896,0.004914,1.136319
GFC,1897,0.002516,1.136319
GFC,1898,0.002321,1.136319
GFC,1899,-0.004158,1.136319
GFC,1900,0.003179,1.136319
GFC,1901,-0.004114,1.136319
GFC,1902,-0.01002,1.136319
GFC,1903,0.010841,1.136319
GFC,1904,0.002847,1.136319
GFC,1905,-0.011451,1.136319
GFC,1906,-0.004117,1.136319
GFC,1907,0.003989,1.136319
GFC,1908,0.013166,1.136319
GFC,1909,-0.004773,1.136319
GFC,1910,-0.002991,1.136319
GFC,1911,0.00019,1.136319
GFC,1912,0.010428,1.136319
GFC,1913,0.001084,1.136319
GFC,1914,0.003107,1.137504
GFC,1915,-0.000328,1.137504
GFC,1916,-0.000704,1.137504
GFC,1917,0.002912,1.137504
GFC,1918,-0.002389,1.137504
GFC,1919,-0.010751,1.137504
GFC,1920,0.009492,1.137504
GFC,1921,-0.001128,1.137504
GFC,1922,-0.006213,1.137504
GFC,1923,0.002036,1.137504
GFC,1924,-0.000993,1.137504
GFC,1925,0.00265,1.137504
GFC,1926,-0.008447,1.137504
GFC,1927,-0.001713,1.137504
GFC,1928,-0.00615,1.137504
GFC,1929,-0.000144,1.137504
GFC,1930,0.011993,1.137504
GFC,1931,0.003223,1.137504
GFC,1932,-0.007655,1.137504
GFC,1933,-0.004286,1.141255
GFC,1934,0.005452,1.141255
GFC,1935,0.001617,1.141255
GFC,1936,0.010399,1.141255
GFC,1937,-0.004439,1.141255
GFC,1938,0.005123,1.141255
GFC,1939,0.000708,1.141255
GFC,1940,-0.007263,1.141255
GFC,1941,-0.00304,1.141255
GFC,1942,-0.000191,1.141255
GFC,1943,-0.02097,1.141255
GFC,1944,0.002093,1.141255
GFC,1945,0.008015,1.141255
GFC,1946,-0.000916,1.141255
GFC,1947,-0.002846,1.141255
GFC,1948,0.006289,1.141255
GFC,1949,-0.016777,1.141255
GFC,1950,0.001809,1.141255
GFC,1951,0.012592,1.141255
GFC,1952,0.011037,1.141255
GFC,1953,0.004338,1.141255
GFC,1954,-0.000332,1.141255
GFC,1955,0.008025,1.144414
GFC,1956,0.000848,1.144414
GFC,1957,0.000517,1.144414
GFC,1958,-0.003951,1.144414
GFC,1959,-0.001795,1.144414
GFC,1960,-0.00563,1.144414
GFC,1961,-0.010372,1.144414
GFC,1962,-0.005817,1.144414
GFC,1963,0.012283,1.144414
GFC,1964,0.006879,1.144414
GFC,1965,0.000237,1.144414
GFC,1966,-0.001518,1.144414
GFC,1967,-0.003373,1.144414
GFC,1968,-0.001954,1.144414
GFC,1969,0.003295,1.144414
GFC,1970,-0.008188,1.144414
GFC,1971,-0.00192,1.144414
GFC,1972,0.012599,1.144414
GFC,1973,-0.009024,1.144414
GFC,1974,0.001198,1.144414
GFC,1975,-0.001244,1.144414
GFC,1976,0.003642,1.144414
GFC,1977,0.005587,1.146229
GFC,1978,-0.002896,1.146229
GFC,1979,-0.007906,1.146229
GFC,1980,-0.020881,1.146229
GFC,1981,-0.030102,1.146229
GFC,1982,-0.042107,1.146229
GFC,1983,-0.011768,1.146229
GFC,1984,0.038394,1.146229
GFC,1985,0.024736,1.146229
GFC,1986,5e-05,1.146229
GFC,1987,-0.008079,1.146229
GFC,1988,-0.029847,1.146229
GFC,1989,0.018981,1.146229
GFC,1990,0.000716,1.146229
GFC,1991,-0.015137,1.146229
GFC,1992,0.025131,1.146229
GFC,1993,-0.013372,1.146229
GFC,1994,0.005442,1.146229
GFC,1995,0.004544,1.146229
GFC,1996,-0.003711,1.146229
GFC,1997,0.012499,1.146224
GFC,1998,0.008666,1.146224
GFC,1999,-0.002248,1.146224
GFC,2000,-0.016342,1.146224
GFC,2001,0.005168,1.146224
GFC,2002,-0.01298,1.146224
GFC,2003,-0.001598,1.146224
GFC,2004,-0.003616,1.146224
GFC,2005,-0.000259,1.146224
GFC,2006,-0.025097,1.146224
GFC,2007,0.000585,1.146224
GFC,2008,0.018658,1.146224
GFC,2009,0.002609,1.146224
GFC,2010,0.014938,1.146224
GFC,2011,0.017795,1.146224
GFC,2012,-0.003427,1.146224
GFC,2013,0.008191,1.146224
GFC,2014,0.009027,1.146224
GFC,2015,0.000596,1.146224
GFC,2016,0.000944,1.146224
GFC,2017,-0.006303,1.146224
GFC,2018,-0.004794,1.146224
GFC,2019,0.015355,1.146224
GFC,2020,0.004546,1.143648
GFC,2021,0.000492,1.143648
GFC,2022,-0.001278,1.143648
GFC,2023,-0.006203,1.143648
GFC,2024,0.016893,1.143648
GFC,2025,0.010962,1.143648
GFC,2026,-0.002458,1.143648
GFC,2027,-0.001932,1.143648
GFC,2028,0.011375,1.143648
GFC,2029,-0.000575,1.143648
GFC,2030,-0.00431,1.143648
GFC,2031,0.011831,1.143648
GFC,2032,0.002899,1.143648
GFC,2033,-0.003033,1.143648
GFC,2034,-0.000998,1.143648
GFC,2035,-0.000524,1.143648
GFC,2036,-0.009331,1.143648
GFC,2037,0.002307,1.143648
GFC,2038,-0.003932,1.143648
GFC,2039,-0.01396,1.143648
GFC,2040,-0.011229,1.143648
GFC,2041,0.015207,1.14478
GFC,2042,-0.000729,1.14478
GFC,2043,0.015866,1.14478
GFC,2044,-0.000862,1.14478
GFC,2045,0.003644,1.14478
GFC,2046,-0.001146,1.14478
GFC,2047,0.001339,1.14478
GFC,2048,-0.000143,1.14478
GFC,2049,0.001146,1.14478
GFC,2050,-0.004151,1.14478
GFC,2051,0.009536,1.14478
GFC,2052,-0.010205,1.14478
GFC,2053,-0.014003,1.14478
GFC,2054,0.019503,1.14478
GFC,2055,-0.006059,1.14478
GFC,2056,-0.006719,1.14478
GFC,2057,-0.00778,1.14478
GFC,2058,0.002581,1.14478
GFC,2059,-0.019381,1.14478
GFC,2060,0.005052,1.14478
GFC,2061,0.010498,1.14478
GFC,2062,0.014632,1.146147
GFC,2063,-0.015238,1.146147
GFC,2064,-0.017815,1.146147
GFC,2065,0.008249,1.146147
GFC,2066,0.009074,1.146147
GFC,2067,0.012383,1.146147
GFC,2068,-0.00165,1.146147
GFC,2069,-0.002285,1.146147
GFC,2070,0.010672,1.146147
GFC,2071,-0.007088,1.146147
GFC,2072,-0.010003,1.146147
GFC,2073,-0.01398,1.146147
GFC,2074,0.001691,1.146147
GFC,2075,-0.012614,1.146147
GFC,2076,-0.023992,1.146147
GFC,2077,-0.010977,1.146147
GFC,2078,0.00099,1.146147
GFC,2079,0.008068,1.146147
GFC,2080,-0.024941,1.146147
GFC,2081,0.016417,1.146147
GFC,2082,-0.021466,1.144915
GFC,2083,0.001331,1.144915
GFC,2084,-0.012815,1.144915
GFC,2085,0.005602,1.144915
GFC,2086,0.020515,1.144915
GFC,2087,-0.015116,1.144915
GFC,2088,0.013643,1.144915
GFC,2089,-0.010883,1.144915
GFC,2090,0.005209,1.144915
GFC,2091,0.024377,1.144915
GFC,2092,-0.000361,1.144915
GFC,2093,-0.018022,1.144915
GFC,2094,0.005995,1.144915
GFC,2095,0.001568,1.144915
GFC,2096,-0.01905,1.144915
GFC,2097,-0.013461,1.144915
GFC,2098,5.4e-05,1.144915
GFC,2099,-0.000863,1.144915
GFC,2100,-0.013008,1.144915
GFC,2101,0.020617,1.144915
GFC,2102,0.016878,1.14439
GFC,2103,0.016334,1.14439
GFC,2104,-0.004095,1.14439
GFC,2105,-0.000469,1.14439
GFC,2106,0.014479,1.14439
GFC,2107,-0.01263,1.14439
GFC,2108,0.004576,1.14439
GFC,2109,0.012112,1.14439
GFC,2110,-0.002301,1.14439
GFC,2111,-0.007842,1.14439
GFC,2112,0.023507,1.14439
GFC,2113,0.004493,1.14439
GFC,2114,0.00392,1.14439
GFC,2115,0.003253,1.14439
GFC,2116,0.000798,1.14439
GFC,2117,-0.010918,1.14439
GFC,2118,0.00494,1.14439
GFC,2119,0.000802,1.14439
GFC,2120,0.016137,1.14439
GFC,2121,-0.001282,1.14439
GFC,2122,-0.00163,1.14439
GFC,2123,0.005787,1.14439
GFC,2124,0.006344,1.142868
GFC,2125,0.003929,1.142868
GFC,2126,0.001419,1.142868
GFC,2127,-0.000538,1.142868
GFC,2128,-0.006599,1.142868
GFC,2129,-0.000443,1.142868
GFC,2130,0.000591,1.142868
GFC,2131,0.00925,1.142868
GFC,2132,0.004387,1.142868
GFC,2133,-0.002427,1.142868
GFC,2134,0.006812,1.142868
GFC,2135,-0.003238,1.142868
GFC,2136,-0.009988,1.142868
GFC,2137,0.010921,1.142868
GFC,2138,-0.011966,1.142868
GFC,2139,0.002697,1.142868
GFC,2140,-0.002347,1.142868
GFC,2141,0.009313,1.142868
GFC,2142,0.010101,1.142868
GFC,2143,4.8e-05,1.142868
GFC,2144,-0.001105,1.146451
GFC,2145,0.007027,1.146451
GFC,2146,0.003154,1.146451
GFC,2147,0.000953,1.146451
GFC,2148,-0.005378,1.146451
GFC,2149,0.0,1.146451
GFC,2150,-0.001723,1.146451
GFC,2151,0.001486,1.146451
GFC,2152,0.002058,1.146451
GFC,2153,-0.009076,1.146451
GFC,2154,-0.005399,1.146451
GFC,2155,0.007949,1.146451
GFC,2156,-0.008703,1.146451
GFC,2157,-0.005578,1.146451
GFC,2158,-0.000196,1.146451
GFC,2159,0.003659,1.146451
GFC,2160,0.000827,1.146451
GFC,2161,0.012434,1.146451
GFC,2162,-0.009355,1.146451
GFC,2163,0.000291,1.146451
GFC,2164,-0.008715,1.146451
GFC,2165,0.009865,1.150842
GFC,2166,-0.009334,1.150842
GFC,2167,0.000293,1.150842
GFC,2168,-0.003465,1.150842
GFC,2169,0.006317,1.150842
GFC,2170,-0.001363,1.150842
GFC,2171,0.012962,1.150842
GFC,2172,0.006783,1.150842
GFC,2173,0.000287,1.150842
GFC,2174,0.004299,1.150842
GFC,2175,-0.001902,1.150842
GFC,2176,0.002049,1.150842
GFC,2177,0.003044,1.150842
GFC,2178,-0.002987,1.150842
GFC,2179,0.005089,1.150842
GFC,2180,0.001561,1.150842
GFC,2181,0.00326,1.150842
GFC,2182,-0.001365,1.150842
GFC,2183,-0.009478,1.150842
GFC,2184,-0.007712,1.150842
GFC,2185,-0.001967,1.150842
GFC,2186,-0.001394,1.153563
GFC,2187,0.002984,1.153563
GFC,2188,-0.003724,1.153563
GFC,2189,0.00644,1.153563
GFC,2190,0.002839,1.153563
GFC,2191,-0.001631,1.153563
GFC,2192,0.013022,1.153563
GFC,2193,-0.035909,1.153563
GFC,2194,-0.01791,1.153563
GFC,2195,0.018036,1.153563
GFC,2196,0.017028,1.153563
GFC,2197,0.013646,1.153563
GFC,2198,0.002101,1.153563
GFC,2199,-0.007194,1.153563
GFC,2200,0.005998,1.153563
GFC,2201,-0.00062,1.153563
GFC,2202,0.01489,1.153563
GFC,2203,0.003527,1.153563
GFC,2204,0.007263,1.153563
GFC,2205,-0.000139,1.153563
GFC,2206,0.005583,1.153563
GFC,2207,-0.001342,1.153563
GFC,2208,0.002687,1.156765
GFC,2209,-0.001017,1.156765
GFC,2210,0.004163,1.156765
GFC,2211,-0.003777,1.156765
GFC,2212,0.004485,1.156765
GFC,2213,-0.002716,1.156765
GFC,2214,0.000462,1.156765
GFC,2215,-0.001061,1.156765
GFC,2216,0.001155,1.156765
GFC,2217,0.001615,1.156765
GFC,2218,-0.000829,1.156765
GFC,2219,-0.006407,1.156765
GFC,2220,0.002923,1.156765
GFC,2221,0.001064,1.156765
GFC,2222,0.008179,1.156765
GFC,2223,-0.000596,1.156765
GFC,2224,0.000596,1.156765
GFC,2225,-0.002475,1.156765
GFC,2226,0.004641,1.156765
GFC,2227,-0.000869,1.156765
GFC,2228,0.002884,1.156183
GFC,2229,-0.005158,1.156183
GFC,2230,0.001881,1.156183
GFC,2231,0.002244,1.156183
GFC,2232,-0.001462,1.156183
GFC,2233,-4.6e-05,1.156183
GFC,2234,0.002013,1.156183
GFC,2235,-0.005114,1.156183
GFC,2236,-0.000689,1.156183
GFC,2237,-0.001883,1.156183
GFC,2238,0.004924,1.156183
GFC,2239,-0.001649,1.156183
GFC,2240,-0.002844,1.156183
GFC,2241,4.6e-05,1.156183
GFC,2242,0.004508,1.156183
GFC,2243,0.003022,1.156183
GFC,2244,-9.1e-05,1.156183
GFC,2245,-0.002283,1.156183
GFC,2246,-0.023935,1.156183
GFC,2247,0.014347,1.156183
GFC,2248,-0.014376,1.156183
GFC,2249,-0.000375,1.156183
GFC,2250,0.009993,1.158321
GFC,2251,-0.003866,1.158321
GFC,2252,0.000187,1.158321
GFC,2253,4.7e-05,1.158321
GFC,2254,0.011246,1.158321
GFC,2255,0.006301,1.158321
GFC,2256,-0.005479,1.158321
GFC,2257,-0.008102,1.158321
GFC,2258,0.006208,1.158321
GFC,2259,0.004964,1.158321
GFC,2260,-0.009047,1.158321
GFC,2261,0.007546,1.158321
GFC,2262,-0.002404,1.158321
GFC,2263,-0.005098,1.158321
GFC,2264,0.004425,1.158321
GFC,2265,0.000696,1.158321
GFC,2266,-0.00343,1.158321
GFC,2267,0.005209,1.158321
GFC,2268,-0.01263,1.158321
GFC,2269,0.001312,1.158321
GFC,2270,-0.003275,1.158321
GFC,2271,0.000516,1.158321
GFC,2272,-0.003472,1.161359
GFC,2273,0.006262,1.161359
GFC,2274,0.002667,1.161359
GFC,2275,-0.001867,1.161359
GFC,2276,0.000467,1.161359
GFC,2277,0.004253,1.161359
GFC,2278,-0.003351,1.161359
GFC,2279,-0.002007,1.161359
GFC,2280,-0.002667,1.161359
GFC,2281,-0.002955,1.161359
GFC,2282,4.7e-05,1.161359
GFC,2283,-0.007246,1.161359
GFC,2284,-0.006018,1.161359
GFC,2285,-0.004577,1.161359
GFC,2286,-0.001102,1.161359
GFC,2287,0.022057,1.161359
GFC,2288,0.004504,1.161359
GFC,2289,0.010602,1.161359
GFC,2290,0.002496,1.161359
GFC,2291,-0.002305,1.161359
GFC,2292,0.000786,1.161359
GFC,2293,0.007802,1.16408
GFC,2294,-0.001878,1.16408
GFC,2295,0.00514,1.16408
GFC,2296,-0.002238,1.16408
GFC,2297,0.007551,1.16408
GFC,2298,0.001953,1.16408
GFC,2299,0.000544,1.16408
GFC,2300,0.003716,1.16408
GFC,2301,-0.004695,1.16408
GFC,2302,0.001951,1.16408
GFC,2303,-0.0024,1.16408
GFC,2304,-0.003675,1.16408
GFC,2305,0.000501,1.16408
GFC,2306,0.006009,1.16408
GFC,2307,0.003167,1.16408
GFC,2308,0.013081,1.16408
GFC,2309,0.002449,1.16408
GFC,2310,0.006041,1.16408
GFC,2311,-0.001148,1.16408
GFC,2312,0.006674,1.16408
GFC,2313,-0.008254,1.16408
GFC,2314,0.004117,1.16408
GFC,2315,-0.001956,1.165452
GFC,2316,0.002177,1.165452
GFC,2317,0.003858,1.165452
GFC,2318,-0.002783,1.165452
GFC,2319,-0.001727,1.165452
GFC,2320,0.001464,1.165452
GFC,2321,0.002481,1.165452
GFC,2322,-0.008265,1.165452
GFC,2323,-0.000223,1.165452
GFC,2324,-0.003655,1.165452
GFC,2325,0.00765,1.165452
GFC,2326,0.005949,1.165452
GFC,2327,-0.000794,1.165452
GFC,2328,0.003578,1.165452
GFC,2329,-0.003301,1.165452
GFC,2330,0.0,1.165452
GFC,2331,0.002826,1.165452
GFC,2332,-0.00251,1.165452
GFC,2333,0.002295,1.165452
GFC,2334,-0.003523,1.168395
GFC,2335,0.00221,1.168395
GFC,2336,-0.003705,1.168395
GFC,2337,0.003674,1.168395
GFC,2338,-0.002602,1.168395
GFC,2339,0.006412,1.168395
GFC,2340,0.008656,1.168395
GFC,2341,-0.001045,1.168395
GFC,2342,-0.00157,1.168395
GFC,2343,-0.006202,1.168395
GFC,2344,-8.8e-05,1.168395
GFC,2345,0.000396,1.168395
GFC,2346,0.000659,1.168395
GFC,2347,0.006893,1.168395
GFC,2348,-0.001788,1.168395
GFC,2349,4.4e-05,1.168395
GFC,2350,0.00131,1.168395
GFC,2351,0.005933,1.168395
GFC,2352,0.003946,1.168395
GFC,2353,0.005442,1.168395
GFC,2354,0.003995,1.168395
GFC,2355,0.00522,1.173119
GFC,2356,-0.000851,1.173119
GFC,2357,0.001576,1.173119
GFC,2358,0.005955,1.173119
GFC,2359,-0.000888,1.173119
GFC,2360,0.000677,1.173119
GFC,2361,0.001269,1.173119
GFC,2362,0.001563,1.173119
GFC,2363,-0.002699,1.173119
GFC,2364,0.013998,1.173119
GFC,2365,-0.006297,1.173119
GFC,2366,0.000629,1.173119
GFC,2367,-0.002978,1.173119
GFC,2368,-0.002987,1.173119
GFC,2369,-0.001856,1.173119
GFC,2370,0.001268,1.173119
GFC,2371,0.003504,1.173119
GFC,2372,0.000505,1.173119
GFC,2373,-0.003826,1.173119
GFC,2374,0.008653,1.173119
GFC,2375,-0.001967,1.173119
GFC,2376,-0.001756,1.173119
GFC,2377,-0.001097,1.174987
GFC,2378,-0.012839,1.174987
GFC,2379,0.002353,1.174987
GFC,2380,-0.001067,1.174987
GFC,2381,-0.000726,1.174987
GFC,2382,-0.001026,1.174987
GFC,2383,0.007277,1.174987
GFC,2384,0.000935,1.174987
GFC,2385,0.003184,1.174987
GFC,2386,-0.002328,1.174987
GFC,2387,-0.001739,1.174987
GFC,2388,0.000637,1.174987
GFC,2389,-0.002972,1.174987
GFC,2390,0.002811,1.174987
GFC,2391,-0.001019,1.174987
GFC,2392,0.000595,1.174987
GFC,2393,-0.00119,1.174987
GFC,2394,-0.004382,1.174987
GFC,2395,-0.006495,1.174987
GFC,2396,0.00886,1.174438
GFC,2397,-0.002984,1.174438
GFC,2398,-0.001839,1.174438
GFC,2399,0.008139,1.174438
GFC,2400,-0.003187,1.174438
GFC,2401,0.010998,1.174438
GFC,2402,0.005819,1.174438
GFC,2403,-0.000629,1.174438
GFC,2404,0.000839,1.174438
GFC,2405,-0.002179,1.174438
GFC,2406,0.00252,1.174438
GFC,2407,0.000377,1.174438
GFC,2408,-0.001215,1.174438
GFC,2409,0.001174,1.174438
GFC,2410,0.003937,1.174438
GFC,2411,-0.000167,1.174438
GFC,2412,-0.000918,1.174438
GFC,2413,0.001796,1.174438
GFC,2414,-0.002043,1.174438
GFC,2415,-0.001671,1.174438
GFC,2416,0.005524,1.174438
GFC,2417,-0.000916,1.175887
GFC,2418,-0.017744,1.175887
GFC,2419,0.004028,1.175887
GFC,2420,0.006504,1.175887
GFC,2421,0.005078,1.175887
GFC,2422,0.002212,1.175887
GFC,2423,0.002333,1.175887
GFC,2424,0.00478,1.175887
GFC,2425,-0.000207,1.175887
GFC,2426,-0.000869,1.175887
GFC,2427,-0.000249,1.175887
GFC,2428,0.007953,1.175887
GFC,2429,0.003328,1.175887
GFC,2430,-0.000737,1.175887
GFC,2431,-0.003197,1.175887
GFC,2432,0.00185,1.175887
GFC,2433,0.000492,1.175887
GFC,2434,-0.001518,1.175887
GFC,2435,-0.000205,1.175887
GFC,2436,0.00489,1.175887
GFC,2437,-0.001268,1.175887
GFC,2438,-0.001924,1.174977
GFC,2439,0.000219,1.174977
GFC,2440,0.008325,1.174977
GFC,2441,-0.006744,1.174977
GFC,2442,-0.000247,1.174977
GFC,2443,-0.000453,1.174977
GFC,2444,0.001194,1.174977
GFC,2445,0.000658,1.174977
GFC,2446,-0.008056,1.174977
GFC,2447,0.00895,1.174977
GFC,2448,-0.008789,1.174977
GFC,2449,0.001864,1.174977
GFC,2450,0.001696,1.174977
GFC,2451,0.002312,1.174977
GFC,2452,-0.009144,1.174977
GFC,2453,0.006485,1.174977
GFC,2454,0.001074,1.174977
GFC,2455,-0.000743,1.174977
GFC,2456,0.007515,1.174977
GFC,2457,0.00168,1.174977
GFC,2458,0.004664,1.174977
GFC,2459,-0.000122,1.175743
GFC,2460,0.000529,1.175743
GFC,2461,0.005414,1.175743
GFC,2462,0.000445,1.175743
GFC,2463,-0.00089,1.175743
GFC,2464,-0.000243,1.175743
GFC,2465,0.002431,1.175743
GFC,2466,4e-05,1.175743
GFC,2467,-0.00093,1.175743
GFC,2468,-0.001173,1.175743
GFC,2469,-0.000567,1.175743
GFC,2470,0.002229,1.175743
GFC,2471,0.000485,1.175743
GFC,2472,-0.00194,1.175743
GFC,2473,0.001822,1.175743
GFC,2474,0.001859,1.175743
GFC,2475,-0.002461,1.175743
GFC,2476,-4.1e-05,1.175743
GFC,2477,-0.014115,1.175743
GFC,2478,0.001477,1.175743
GFC,2479,0.009913,1.175743
GFC,2480,-0.000122,1.176128
GFC,2481,0.001745,1.176128
GFC,2482,-0.015591,1.176128
GFC,2483,-0.001563,1.176128
GFC,2484,0.000783,1.176128
GFC,2485,0.010457,1.176128
GFC,2486,-0.003585,1.176128
GFC,2487,-0.00233,1.176128
GFC,2488,0.002336,1.176128
GFC,2489,4.1e-05,1.176128
GFC,2490,0.001145,1.176128
GFC,2491,0.004738,1.176128
GFC,2492,0.006016,1.176128
GFC,2493,0.001414,1.176128
GFC,2494,-0.007182,1.176128
GFC,2495,0.003414,1.176128
GFC,2496,-0.000121,1.176128
GFC,2497,-0.001174,1.176128
GFC,2498,0.010665,1.176128
GFC,2499,0.003371,1.176128
GFC,2500,0.00048,1.176128
GFC,2501,-0.00032,1.176128
GFC,2502,0.001346,1.180655
GFC,2503,0.002127,1.180655
GFC,2504,0.001001,1.180655
GFC,2505,0.00036,1.180655
GFC,2506,-0.002679,1.180655
GFC,2507,0.000201,1.180655
GFC,2508,-0.002045,1.180655
GFC,2509,0.000603,1.180655
GFC,2510,0.003894,1.180655
GFC,2511,0.0012,1.180655
GFC,2512,0.003515,1.180655
GFC,2513,0.004339,1.180655
GFC,2514,0.00214,1.180655
GFC,2515,0.001186,1.180655
GFC,2516,0.005925,1.180655
GFC,2517,-0.001139,1.180655
GFC,2518,-0.001651,1.180655
GFC,2519,0.002638,1.180655
GFC,2520,0.001571,1.180655
DOTCOM,0,0.0,1.0
DOTCOM,1,-0.026201,1.0
DOTCOM,2,-0.036996,1.0
DOTCOM,3,-0.041909,1.0
DOTCOM,4,0.057108,1.0
DOTCOM,5,0.018965,1.004135
DOTCOM,6,-0.028201,1.004135
DOTCOM,7,0.037725,1.004135
DOTCOM,8,0.020134,1.004135
DOTCOM,9,0.017544,1.004135
DOTCOM,10,0.01347,1.004135
DOTCOM,11,0.001595,1.004135
DOTCOM,12,-0.025478,1.004135
DOTCOM,13,-0.041394,1.004135
DOTCOM,14,-0.025,1.004135
DOTCOM,15,0.020979,1.004135
DOTCOM,16,-0.059931,1.004135
DOTCOM,17,-0.009715,1.004135
DOTCOM,18,-0.017781,1.004135
DOTCOM,19,0.023721,1.004135
DOTCOM,20,0.040244,1.004135
DOTCOM,21,-0.060961,1.004135
DOTCOM,22,-0.02372,1.004135
DOTCOM,23,-0.058824,1.004135
DOTCOM,24,-0.043478,1.004135
DOTCOM,25,-0.086648,1.004135
DOTCOM,26,0.115086,1.010041
DOTCOM,27,0.026499,1.010041
DOTCOM,28,-0.03057,1.010041
DOTCOM,29,-0.021724,1.010041
DOTCOM,30,-0.028653,1.010041
DOTCOM,31,0.067478,1.010041
DOTCOM,32,-0.034197,1.010041
DOTCOM,33,0.044349,1.010041
DOTCOM,34,0.038356,1.010041
DOTCOM,35,0.009235,1.010041
DOTCOM,36,-0.057516,1.010041
DOTCOM,37,-0.011095,1.010041
DOTCOM,38,0.002103,1.010041
DOTCOM,39,0.023793,1.010041
DOTCOM,40,-0.038961,1.010041
DOTCOM,41,-0.021337,1.010041
DOTCOM,42,-0.072674,1.010041
DOTCOM,43,0.061128,1.010041
DOTCOM,44,0.0,1.010041
DOTCOM,45,0.043574,1.010041
DOTCOM,46,0.028309,1.009451
DOTCOM,47,-0.020647,1.009451
DOTCOM,48,-0.03584,1.009451
DOTCOM,49,-0.047376,1.009451
DOTCOM,50,-0.000765,1.009451
DOTCOM,51,-0.083461,1.009451
DOTCOM,52,0.062656,1.009451
DOTCOM,53,-0.022012,1.009451
DOTCOM,54,0.0,1.009451
DOTCOM,55,0.100482,1.009451
DOTCOM,56,-0.028488,1.009451
DOTCOM,57,0.051128,1.009451
DOTCOM,58,0.071531,1.009451
DOTCOM,59,0.002503,1.009451
DOTCOM,60,-0.027801,1.009451
DOTCOM,61,0.026713,1.009451
DOTCOM,62,-0.00467,1.009451
DOTCOM,63,0.005362,1.009451
DOTCOM,64,-0.032,1.009451
DOTCOM,65,0.038567,1.009451
DOTCOM,66,-0.022546,1.009451
DOTCOM,67,0.017639,1.011223
DOTCOM,68,0.005333,1.011223
DOTCOM,69,0.039788,1.011223
DOTCOM,70,-0.003827,1.011223
DOTCOM,71,0.012804,1.011223
DOTCOM,72,-0.036662,1.011223
DOTCOM,73,-0.039371,1.011223
DOTCOM,74,0.027323,1.011223
DOTCOM,75,-0.011968,1.011223
DOTCOM,76,0.012113,1.011223
DOTCOM,77,-0.025101,1.011223
DOTCOM,78,0.019608,1.011223
DOTCOM,79,0.019399,1.011223
DOTCOM,80,-0.038714,1.011223
DOTCOM,81,0.026622,1.011223
DOTCOM,82,0.020611,1.011223
DOTCOM,83,-0.015146,1.011223
DOTCOM,84,0.005458,1.011223
DOTCOM,85,0.023684,1.011223
DOTCOM,86,0.012853,1.011223
DOTCOM,87,0.021574,1.011223
DOTCOM,88,0.01118,1.017129
DOTCOM,89,-0.022113,1.017129
DOTCOM,90,-0.022613,1.017129
DOTCOM,91,0.032133,1.017129
DOTCOM,92,-0.033624,1.017129
DOTCOM,93,-0.020618,1.017129
DOTCOM,94,0.007894,1.017129
DOTCOM,95,-0.001305,1.017129
DOTCOM,96,-0.039216,1.017129
DOTCOM,97,-0.054422,1.017129
DOTCOM,98,0.029497,1.017129
DOTCOM,99,-0.013278,1.017129
DOTCOM,100,-0.017705,1.017129
DOTCOM,101,0.043259,1.017129
DOTCOM,102,-0.003455,1.017129
DOTCOM,103,0.023578,1.017129
DOTCOM,104,0.020325,1.017129
DOTCOM,105,-0.026561,1.017129
DOTCOM,106,-0.019782,1.017129
DOTCOM,107,0.013918,1.017129
DOTCOM,108,0.021277,1.017129
DOTCOM,109,0.0,1.020083
DOTCOM,110,0.010081,1.020083
DOTCOM,111,0.019294,1.020083
DOTCOM,112,-0.005221,1.020083
DOTCOM,113,0.002624,1.020083
DOTCOM,114,0.0,1.020083
DOTCOM,115,0.016361,1.020083
DOTCOM,116,0.015454,1.020083
DOTCOM,117,-0.00539,1.020083
DOTCOM,118,0.004781,1.020083
DOTCOM,119,0.005076,1.020083
DOTCOM,120,-0.001263,1.020083
DOTCOM,121,0.027813,1.020083
DOTCOM,122,0.00984,1.020083
DOTCOM,123,-0.03045,1.020083
DOTCOM,124,-0.035176,1.020083
DOTCOM,125,0.022135,1.020083
DOTCOM,126,-0.030573,1.020083
DOTCOM,127,-0.024311,1.020083
DOTCOM,128,-0.015488,1.020083
DOTCOM,129,0.023256,1.020083
DOTCOM,130,-0.005348,1.020083
DOTCOM,131,-0.018145,1.020083
DOTCOM,132,-0.015742,1.020083
DOTCOM,133,0.036856,1.020083
DOTCOM,134,0.015426,1.020083
DOTCOM,135,-0.072655,1.020083
DOTCOM,136,0.059116,1.020083
DOTCOM,137,-0.026563,1.020083
DOTCOM,138,-0.011398,1.020083
DOTCOM,139,0.001397,1.020083
DOTCOM,140,0.02233,1.020083
DOTCOM,141,-0.030716,1.020083
DOTCOM,142,-0.022535,1.020083
DOTCOM,143,-0.0317,1.020083
DOTCOM,144,0.019345,1.020083
DOTCOM,145,0.00292,1.020083
DOTCOM,146,-0.033479,1.020083
DOTCOM,147,-0.004518,1.020083
DOTCOM,148,-0.052194,1.020083
DOTCOM,149,-0.015961,1.020083
DOTCOM,150,-0.025142,1.020083
DOTCOM,151,0.081531,1.020083
DOTCOM,152,0.009231,1.025399
DOTCOM,153,-0.045731,1.025399
DOTCOM,154,-0.003195,1.025399
DOTCOM,155,0.090545,1.025399
DOTCOM,156,0.014695,1.025399
DOTCOM,157,-0.001449,1.025399
DOTCOM,158,-0.042784,1.025399
DOTCOM,159,-0.056061,1.025399
DOTCOM,160,0.025683,1.025399
DOTCOM,161,-0.001956,1.025399
DOTCOM,162,-0.037044,1.025399
DOTCOM,163,0.064319,1.025399
DOTCOM,164,-0.008606,1.025399
DOTCOM,165,0.012346,1.025399
DOTCOM,166,0.012957,1.025399
DOTCOM,167,-0.007524,1.025399
DOTCOM,168,-0.00379,1.025399
DOTCOM,169,-0.078197,1.025399
DOTCOM,170,-0.000206,1.025399
DOTCOM,171,-0.052023,1.025399
DOTCOM,172,0.001524,1.025399
DOTCOM,173,0.055447,1.025399
DOTCOM,174,0.02019,1.027171
DOTCOM,175,-0.058158,1.027171
DOTCOM,176,-0.000643,1.027171
DOTCOM,177,-0.040763,1.027171
DOTCOM,178,-0.001566,1.027171
DOTCOM,179,-0.044803,1.027171
DOTCOM,180,0.057223,1.027171
DOTCOM,181,-0.012423,1.027171
DOTCOM,182,-0.059074,1.027171
DOTCOM,183,-0.038434,1.027171
DOTCOM,184,0.000745,1.027171
DOTCOM,185,0.016125,1.027171
DOTCOM,186,0.015625,1.027171
DOTCOM,187,0.0875,1.027171
DOTCOM,188,-0.038019,1.027171
DOTCOM,189,-0.022059,1.027171
DOTCOM,190,0.022557,1.027171
DOTCOM,191,0.09375,1.027171
DOTCOM,192,-0.036555,1.027171
DOTCOM,193,-0.040776,1.027171
DOTCOM,194,-0.048875,1.027171
DOTCOM,195,-0.022944,1.027171
DOTCOM,196,0.001957,1.028943
DOTCOM,197,-0.076172,1.028943
DOTCOM,198,-0.057347,1.028943
DOTCOM,199,0.005887,1.028943
DOTCOM,200,0.079153,1.028943
DOTCOM,201,0.006199,1.028943
DOTCOM,202,0.011294,1.028943
DOTCOM,203,-0.00203,1.028943
DOTCOM,204,-0.049847,1.028943
DOTCOM,205,-0.084582,1.028943
DOTCOM,206,0.168421,1.028943
DOTCOM,207,-0.018018,1.028943
DOTCOM,208,-0.076453,1.028943
DOTCOM,209,0.011038,1.028943
DOTCOM,210,0.0,1.028943
DOTCOM,211,0.05131,1.028943
DOTCOM,212,0.029076,1.028943
DOTCOM,213,0.012866,1.028943
DOTCOM,214,-0.011955,1.031305
DOTCOM,215,0.030502,1.031305
DOTCOM,216,0.042074,1.031305
DOTCOM,217,-0.003756,1.031305
DOTCOM,218,0.000943,1.031305
DOTCOM,219,0.020951,1.031305
DOTCOM,220,-0.009453,1.031305
DOTCOM,221,-0.039106,1.031305
DOTCOM,222,0.01623,1.031305
DOTCOM,223,0.022169,1.031305
DOTCOM,224,-0.003732,1.031305
DOTCOM,225,-0.036704,1.031305
DOTCOM,226,0.013219,1.031305
DOTCOM,227,-0.055257,1.031305
DOTCOM,228,-0.000812,1.031305
DOTCOM,229,0.001626,1.031305
DOTCOM,230,-0.016234,1.031305
DOTCOM,231,-0.029868,1.031305
DOTCOM,232,-0.040653,1.031305
DOTCOM,233,0.012057,1.031305
DOTCOM,234,-0.03206,1.031305
DOTCOM,235,0.039819,1.031305
DOTCOM,236,0.016536,1.037212
DOTCOM,237,-0.055993,1.037212
DOTCOM,238,-0.038817,1.037212
DOTCOM,239,-0.028119,1.037212
DOTCOM,240,-0.009709,1.037212
DOTCOM,241,0.003529,1.037212
DOTCOM,242,0.018953,1.037212
DOTCOM,243,-0.060402,1.037212
DOTCOM,244,-0.031633,1.037212
DOTCOM,245,0.028451,1.037212
DOTCOM,246,-0.043033,1.037212
DOTCOM,247,0.018201,1.037212
DOTCOM,248,0.038907,1.037212
DOTCOM,249,0.000405,1.037212
DOTCOM,250,-0.018616,1.037212
DOTCOM,251,-0.070104,1.037212
DOTCOM,252,-0.062084,1.037212
DOTCOM,253,0.050827,1.037212
DOTCOM,254,-0.015748,1.037212
DOTCOM,255,-0.036571,1.037212
DOTCOM,256,-0.022538,1.037212
DOTCOM,257,0.049999,1.039575
DOTCOM,258,-0.067268,1.039575
DOTCOM,259,0.0,1.039575
DOTCOM,260,0.060719,1.039575
DOTCOM,261,0.0,1.039575
DOTCOM,262,-0.023131,1.039575
DOTCOM,263,0.034441,1.039575
DOTCOM,264,-0.08208,1.039575
DOTCOM,265,-0.018892,1.039575
DOTCOM,266,0.005134,1.039575
DOTCOM,267,-0.044699,1.039575
DOTCOM,268,-0.073262,1.039575
DOTCOM,269,-0.0176,1.039575
DOTCOM,270,0.095741,1.039575
DOTCOM,271,-0.036451,1.039575
DOTCOM,272,0.030599,1.039575
DOTCOM,273,0.074223,1.039575
DOTCOM,274,0.030151,1.039575
DOTCOM,275,0.043903,1.039575
DOTCOM,276,-0.059579,1.040165
DOTCOM,277,0.024845,1.040165
DOTCOM,278,0.104242,1.040165
DOTCOM,279,0.060373,1.040165
DOTCOM,280,0.00207,1.040165
DOTCOM,281,-0.067149,1.040165
DOTCOM,282,-0.018826,1.040165
DOTCOM,283,0.018058,1.040165
DOTCOM,284,-0.025498,1.040165
DOTCOM,285,0.027304,1.040165
DOTCOM,286,0.022148,1.040165
DOTCOM,287,0.041171,1.040165
DOTCOM,288,0.019355,1.040165
DOTCOM,289,-0.044508,1.040165
DOTCOM,290,0.029915,1.040165
DOTCOM,291,-0.020747,1.040165
DOTCOM,292,0.021186,1.040165
DOTCOM,293,-0.034232,1.040165
DOTCOM,294,-0.016756,1.040165
DOTCOM,295,-0.004807,1.040165
DOTCOM,296,-0.016026,1.040165
DOTCOM,297,0.007363,1.040165
DOTCOM,298,0.044297,1.041937
DOTCOM,299,0.015906,1.041937
DOTCOM,300,0.002923,1.041937
DOTCOM,301,0.062656,1.041937
DOTCOM,302,-0.002938,1.041937
DOTCOM,303,-0.044204,1.041937
DOTCOM,304,0.025694,1.041937
DOTCOM,305,-0.018237,1.041937
DOTCOM,306,-0.058584,1.041937
DOTCOM,307,-0.036643,1.041937
DOTCOM,308,0.006753,1.041937
DOTCOM,309,0.02951,1.041937
DOTCOM,310,-0.004778,1.041937
DOTCOM,311,0.044076,1.041937
DOTCOM,312,-0.007732,1.041937
DOTCOM,313,0.025695,1.041937
DOTCOM,314,-0.027721,1.041937
DOTCOM,315,-0.027455,1.041937
DOTCOM,316,-0.005429,1.041937
DOTCOM,317,-0.027292,1.041937
DOTCOM,318,-0.051627,1.041937
DOTCOM,319,0.008284,1.047253
DOTCOM,320,-0.01338,1.047253
DOTCOM,321,-0.004996,1.047253
DOTCOM,322,0.022716,1.047253
DOTCOM,323,0.013561,1.047253
DOTCOM,324,-0.002307,1.047253
DOTCOM,325,0.002544,1.047253
DOTCOM,326,0.003459,1.047253
DOTCOM,327,0.006436,1.047253
DOTCOM,328,0.012788,1.047253
DOTCOM,329,0.030439,1.047253
DOTCOM,330,-0.00547,1.047253
DOTCOM,331,0.00418,1.047253
DOTCOM,332,-0.047985,1.047253
DOTCOM,333,-0.041426,1.047253
DOTCOM,334,0.008643,1.047253
DOTCOM,335,-0.035944,1.047253
DOTCOM,336,0.012346,1.047253
DOTCOM,337,0.063415,1.047253
DOTCOM,338,-0.010321,1.047253
DOTCOM,339,-0.01854,1.049616
DOTCOM,340,0.022432,1.049616
DOTCOM,341,-0.038106,1.049616
DOTCOM,342,0.023769,1.049616
DOTCOM,343,-0.023217,1.049616
DOTCOM,344,-0.02497,1.049616
DOTCOM,345,-0.011328,1.049616
DOTCOM,346,0.008717,1.049616
DOTCOM,347,0.014815,1.049616
DOTCOM,348,0.020682,1.049616
DOTCOM,349,-0.00596,1.049616
DOTCOM,350,0.001439,1.049616
DOTCOM,351,0.032088,1.049616
DOTCOM,352,0.018794,1.049616
DOTCOM,353,-0.016625,1.049616
DOTCOM,354,-0.015748,1.049616
DOTCOM,355,-0.005176,1.049616
DOTCOM,356,-0.042101,1.049616
DOTCOM,357,0.004198,1.049616
DOTCOM,358,-0.009589,1.049616
DOTCOM,359,0.020357,1.049616
DOTCOM,360,-0.012165,1.049616
DOTCOM,361,-0.036946,1.047844
DOTCOM,362,0.011765,1.047844
DOTCOM,363,-0.0455,1.047844
DOTCOM,364,0.013771,1.047844
DOTCOM,365,-0.041536,1.047844
DOTCOM,366,0.027255,1.047844
DOTCOM,367,-0.009816,1.047844
DOTCOM,368,0.053055,1.047844
DOTCOM,369,0.001272,1.047844
DOTCOM,370,-0.031258,1.047844
DOTCOM,371,-0.01469,1.047844
DOTCOM,372,-0.037008,1.047844
DOTCOM,373,0.012718,1.047844
DOTCOM,374,-0.031668,1.047844
DOTCOM,375,-0.003946,1.047844
DOTCOM,376,-0.040476,1.047844
DOTCOM,377,-0.0059,1.047844
DOTCOM,378,0.011869,1.047844
DOTCOM,379,-0.085044,1.047844
DOTCOM,380,-0.022436,1.047844
DOTCOM,381,-0.017377,1.047844
DOTCOM,382,-0.033367,1.047844
DOTCOM,383,-0.026925,1.047844
DOTCOM,384,0.050373,1.047844
DOTCOM,385,0.003039,1.047844
DOTCOM,386,-0.03468,1.047844
DOTCOM,387,-0.006627,1.047844
DOTCOM,388,0.017556,1.047844
DOTCOM,389,-0.008627,1.047844
DOTCOM,390,0.003133,1.047844
DOTCOM,391,0.075642,1.047844
DOTCOM,392,0.009677,1.047844
DOTCOM,393,0.014696,1.047844
DOTCOM,394,0.003149,1.047844
DOTCOM,395,-0.024168,1.047844
DOTCOM,396,0.045352,1.047844
DOTCOM,397,0.067692,1.047844
DOTCOM,398,-0.004323,1.047844
DOTCOM,399,-0.004342,1.047844
DOTCOM,400,0.01628,1.051979
DOTCOM,401,-0.071797,1.051979
DOTCOM,402,0.027118,1.051979
DOTCOM,403,0.006601,1.051979
DOTCOM,404,0.026826,1.051979
DOTCOM,405,0.005225,1.051979
DOTCOM,406,0.021657,1.051979
DOTCOM,407,0.040136,1.051979
DOTCOM,408,-0.021467,1.051979
DOTCOM,409,-0.054707,1.051979
DOTCOM,410,-0.019388,1.051979
DOTCOM,411,0.015578,1.051979
DOTCOM,412,0.042478,1.051979
DOTCOM,413,0.007357,1.051979
DOTCOM,414,0.032584,1.051979
DOTCOM,415,0.038901,1.051979
DOTCOM,416,-0.001309,1.051979
DOTCOM,417,-0.010225,1.051979
DOTCOM,418,-0.00053,1.051979
DOTCOM,419,0.007156,1.051979
DOTCOM,420,0.03579,1.051979
DOTCOM,421,0.007114,1.051979
DOTCOM,422,-0.004037,1.049025
DOTCOM,423,-0.002786,1.049025
DOTCOM,424,0.028448,1.049025
DOTCOM,425,-0.046184,1.049025
DOTCOM,426,-0.005179,1.049025
DOTCOM,427,0.022384,1.049025
DOTCOM,428,0.024695,1.049025
DOTCOM,429,-0.001242,1.049025
DOTCOM,430,-0.03607,1.049025
DOTCOM,431,0.030968,1.049025
DOTCOM,432,-0.00751,1.049025
DOTCOM,433,-0.01715,1.049025
DOTCOM,434,0.047729,1.049025
DOTCOM,435,0.049473,1.049025
DOTCOM,436,0.0014,1.049025
DOTCOM,437,-0.0275,1.049025
DOTCOM,438,-0.017493,1.049025
DOTCOM,439,0.00561,1.049025
DOTCOM,440,0.008004,1.049025
DOTCOM,441,-0.043311,1.049025
DOTCOM,442,0.008802,1.049025
DOTCOM,443,0.017204,1.048435
DOTCOM,444,0.011274,1.048435
DOTCOM,445,-0.018177,1.048435
DOTCOM,446,-0.042459,1.048435
DOTCOM,447,0.017788,1.048435
DOTCOM,448,-0.004052,1.048435
DOTCOM,449,0.00941,1.048435
DOTCOM,450,0.008062,1.048435
DOTCOM,451,0.007998,1.048435
DOTCOM,452,-0.03521,1.048435
DOTCOM,453,0.03084,1.048435
DOTCOM,454,0.034655,1.048435
DOTCOM,455,0.004097,1.048435
DOTCOM,456,-0.011039,1.048435
DOTCOM,457,0.006794,1.048435
DOTCOM,458,-0.009158,1.048435
DOTCOM,459,0.006567,1.048435
DOTCOM,460,-0.012808,1.048435
DOTCOM,461,-0.021787,1.048435
DOTCOM,462,0.00951,1.047844
DOTCOM,463,-0.038672,1.047844
DOTCOM,464,0.022434,1.047844
DOTCOM,465,-0.026734,1.047844
DOTCOM,466,-0.030837,1.047844
DOTCOM,467,0.02754,1.047844
DOTCOM,468,0.013271,1.047844
DOTCOM,469,-0.002825,1.047844
DOTCOM,470,0.005665,1.047844
DOTCOM,471,-0.0274,1.047844
DOTCOM,472,0.007636,1.047844
DOTCOM,473,0.006271,1.047844
DOTCOM,474,-0.009607,1.047844
DOTCOM,475,-0.031987,1.047844
DOTCOM,476,-0.016522,1.047844
DOTCOM,477,-0.006885,1.047844
DOTCOM,478,-0.024127,1.047844
DOTCOM,479,0.027849,1.047844
DOTCOM,480,0.012718,1.047844
DOTCOM,481,-0.00819,1.047844
DOTCOM,482,0.017066,1.047844
DOTCOM,483,-0.001894,1.047844
DOTCOM,484,-0.029827,1.049616
DOTCOM,485,-0.030743,1.049616
DOTCOM,486,0.013552,1.049616
DOTCOM,487,-0.047511,1.049616
DOTCOM,488,0.005078,1.049616
DOTCOM,489,0.040416,1.049616
DOTCOM,490,-0.003713,1.049616
DOTCOM,491,-0.013761,1.049616
DOTCOM,492,-0.018023,1.049616
DOTCOM,493,0.058023,1.049616
DOTCOM,494,0.039451,1.049616
DOTCOM,495,0.007268,1.049616
DOTCOM,496,0.00481,1.049616
DOTCOM,497,0.002128,1.049616
DOTCOM,498,0.026274,1.049616
DOTCOM,499,-0.00362,1.049616
DOTCOM,500,-0.013756,1.049616
DOTCOM,501,-0.02421,1.049616
DOTCOM,502,-0.005933,1.049616
DOTCOM,503,0.010038,1.049616
DOTCOM,504,0.005641,1.051388
DOTCOM,505,-0.001603,1.051388
DOTCOM,506,-0.035313,1.051388
DOTCOM,507,0.026622,1.051388
DOTCOM,508,-0.009184,1.051388
DOTCOM,509,-0.030534,1.051388
DOTCOM,510,0.00928,1.051388
DOTCOM,511,-0.007802,1.051388
DOTCOM,512,0.012638,1.051388
DOTCOM,513,0.019135,1.051388
DOTCOM,514,-0.04517,1.051388
DOTCOM,515,-0.001709,1.051388
DOTCOM,516,-0.007708,1.051388
DOTCOM,517,-0.01122,1.051388
DOTCOM,518,0.012511,1.051388
DOTCOM,519,-0.034771,1.051388
DOTCOM,520,0.007443,1.051388
DOTCOM,521,-0.024823,1.051388
DOTCOM,522,0.015758,1.051388
DOTCOM,523,0.008055,1.054341
DOTCOM,524,0.041729,1.054341
DOTCOM,525,-0.005114,1.054341
DOTCOM,526,-0.019132,1.054341
DOTCOM,527,0.003203,1.054341
DOTCOM,528,-0.025247,1.054341
DOTCOM,529,-0.017267,1.054341
DOTCOM,530,-0.01545,1.054341
DOTCOM,531,-0.002461,1.054341
DOTCOM,532,-0.042567,1.054341
DOTCOM,533,0.002577,1.054341
DOTCOM,534,0.019602,1.054341
DOTCOM,535,-0.005358,1.054341
DOTCOM,536,-0.03327,1.054341
DOTCOM,537,-0.025237,1.054341
DOTCOM,538,-0.025891,1.054341
DOTCOM,539,-0.00932,1.054341
DOTCOM,540,0.106969,1.054341
DOTCOM,541,-0.025811,1.054341
DOTCOM,542,-0.044911,1.054341
DOTCOM,543,0.040596,1.054341
DOTCOM,544,0.058842,1.054341
DOTCOM,545,0.007369,1.054341
DOTCOM,546,0.001524,1.059067
DOTCOM,547,0.00213,1.059067
DOTCOM,548,-0.021864,1.059067
DOTCOM,549,-0.027321,1.059067
DOTCOM,550,0.002235,1.059067
DOTCOM,551,0.020064,1.059067
DOTCOM,552,-0.024665,1.059067
DOTCOM,553,-0.004481,1.059067
DOTCOM,554,-0.026366,1.059067
DOTCOM,555,0.008586,1.059067
DOTCOM,556,-0.016372,1.059067
DOTCOM,557,-0.035286,1.059067
DOTCOM,558,0.013113,1.059067
DOTCOM,559,0.010218,1.059067
DOTCOM,560,-0.026298,1.059067
DOTCOM,561,-0.020083,1.059067
DOTCOM,562,-0.001766,1.059067
DOTCOM,563,-0.027965,1.059067
DOTCOM,564,0.014567,1.059067
DOTCOM,565,-0.006461,1.059067
DOTCOM,566,-0.002168,1.059067
DOTCOM,567,0.034033,1.060248
DOTCOM,568,0.016106,1.060248
DOTCOM,569,-0.057891,1.060248
DOTCOM,570,-0.032188,1.060248
DOTCOM,571,-0.024187,1.060248
DOTCOM,572,0.019752,1.060248
DOTCOM,573,-0.033042,1.060248
DOTCOM,574,0.007463,1.060248
DOTCOM,575,0.021833,1.060248
DOTCOM,576,-0.004197,1.060248
DOTCOM,577,-0.047893,1.060248
DOTCOM,578,-0.036218,1.060248
DOTCOM,579,0.033403,1.060248
DOTCOM,580,0.064242,1.060248
DOTCOM,581,-0.036446,1.060248
DOTCOM,582,-0.028369,1.060248
DOTCOM,583,-0.030819,1.060248
DOTCOM,584,0.037657,1.060248
DOTCOM,585,0.0,1.060248
DOTCOM,586,0.031048,1.060248
DOTCOM,587,-0.014862,1.060839
DOTCOM,588,0.018261,1.060839
DOTCOM,589,-0.035867,1.060839
DOTCOM,590,-0.029923,1.060839
DOTCOM,591,-0.024594,1.060839
DOTCOM,592,-0.042735,1.060839
DOTCOM,593,0.054465,1.060839
DOTCOM,594,-0.058002,1.060839
DOTCOM,595,0.018877,1.060839
DOTCOM,596,0.051169,1.060839
DOTCOM,597,0.020143,1.060839
DOTCOM,598,-0.018922,1.060839
DOTCOM,599,-0.04696,1.060839
DOTCOM,600,-0.021117,1.060839
DOTCOM,601,-0.036404,1.060839
DOTCOM,602,0.04944,1.060839
DOTCOM,603,0.013334,1.060839
DOTCOM,604,0.033771,1.060839
DOTCOM,605,-0.010183,1.060839
DOTCOM,606,0.003,1.060839
DOTCOM,607,-0.034188,1.060839
DOTCOM,608,0.063717,1.060839
DOTCOM,609,0.020383,1.063201
DOTCOM,610,0.006931,1.063201
DOTCOM,611,0.024291,1.063201
DOTCOM,612,-0.004348,1.063201
DOTCOM,613,0.022231,1.063201
DOTCOM,614,0.015922,1.063201
DOTCOM,615,-0.038609,1.063201
DOTCOM,616,0.003976,1.063201
DOTCOM,617,-0.034852,1.063201
DOTCOM,618,-0.03652,1.063201
DOTCOM,619,0.013203,1.063201
DOTCOM,620,-0.01261,1.063201
DOTCOM,621,-0.036187,1.063201
DOTCOM,622,0.003976,1.063201
DOTCOM,623,-0.024637,1.063201
DOTCOM,624,0.030671,1.063201
DOTCOM,625,0.010066,1.063201
DOTCOM,626,0.024697,1.063201
DOTCOM,627,-0.008457,1.063201
DOTCOM,628,-0.027292,1.063201
DOTCOM,629,0.007891,1.063201
DOTCOM,630,-0.014354,1.066155
DOTCOM,631,-0.021182,1.066155
DOTCOM,632,-0.011271,1.066155
DOTCOM,633,-0.01596,1.066155
DOTCOM,634,0.004171,1.066155
DOTCOM,635,-0.029995,1.066155
DOTCOM,636,0.000476,1.066155
DOTCOM,637,0.039943,1.066155
DOTCOM,638,-0.012346,1.066155
DOTCOM,639,-0.013425,1.066155
DOTCOM,640,-0.027687,1.066155
DOTCOM,641,0.060811,1.066155
DOTCOM,642,-0.033212,1.066155
DOTCOM,643,-0.024,1.066155
DOTCOM,644,-0.018804,1.066155
DOTCOM,645,-0.009338,1.066155
DOTCOM,646,0.001985,1.066155
DOTCOM,647,-0.006931,1.066155
DOTCOM,648,0.050847,1.066155
DOTCOM,649,0.054081,1.066155
DOTCOM,650,0.011701,1.066155
DOTCOM,651,0.048043,1.066155
DOTCOM,652,-0.033107,1.067927
DOTCOM,653,0.033801,1.067927
DOTCOM,654,0.01104,1.067927
DOTCOM,655,0.02016,1.067927
DOTCOM,656,-0.006175,1.067927
DOTCOM,657,0.019055,1.067927
DOTCOM,658,-0.025203,1.067927
DOTCOM,659,0.030025,1.067927
DOTCOM,660,-0.008502,1.067927
DOTCOM,661,-0.023275,1.067927
DOTCOM,662,0.026756,1.067927
DOTCOM,663,-0.000408,1.067927
DOTCOM,664,0.028513,1.067927
DOTCOM,665,0.025742,1.067927
DOTCOM,666,0.007722,1.067927
DOTCOM,667,0.014176,1.067927
DOTCOM,668,-0.035134,1.067927
DOTCOM,669,-0.018402,1.067927
DOTCOM,670,-0.030315,1.067927
DOTCOM,671,0.025504,1.067927
DOTCOM,672,0.012034,1.067927
DOTCOM,673,0.034483,1.067927
DOTCOM,674,0.013027,1.070289
DOTCOM,675,-0.014751,1.070289
DOTCOM,676,-0.015355,1.070289
DOTCOM,677,0.042496,1.070289
DOTCOM,678,0.037023,1.070289
DOTCOM,679,-0.000361,1.070289
DOTCOM,680,0.00974,1.070289
DOTCOM,681,-0.033584,1.070289
DOTCOM,682,0.031794,1.070289
DOTCOM,683,-0.006808,1.070289
DOTCOM,684,0.010101,1.070289
DOTCOM,685,-0.029643,1.070289
DOTCOM,686,-0.022083,1.070289
DOTCOM,687,-0.013925,1.070289
DOTCOM,688,0.010305,1.070289
DOTCOM,689,-0.047223,1.070289
DOTCOM,690,0.015068,1.070289
DOTCOM,691,0.004687,1.070289
DOTCOM,692,0.005443,1.070289
DOTCOM,693,-0.031709,1.070289
DOTCOM,694,0.032348,1.072061
DOTCOM,695,0.003095,1.072061
DOTCOM,696,-0.021211,1.072061
DOTCOM,697,-0.012608,1.072061
DOTCOM,698,0.010375,1.072061
DOTCOM,699,0.013824,1.072061
DOTCOM,700,-0.012466,1.072061
DOTCOM,701,-0.002761,1.072061
DOTCOM,702,-0.018197,1.072061
DOTCOM,703,-0.007655,1.072061
DOTCOM,704,-0.010556,1.072061
DOTCOM,705,0.042265,1.072061
DOTCOM,706,0.011024,1.072061
DOTCOM,707,0.024922,1.072061
DOTCOM,708,0.012538,1.072061
DOTCOM,709,-0.028143,1.072061
DOTCOM,710,0.030888,1.072061
DOTCOM,711,0.014982,1.072061
DOTCOM,712,-0.005904,1.072061
DOTCOM,713,0.005197,1.072061
DOTCOM,714,-0.012555,1.073833
DOTCOM,715,-0.011219,1.073833
DOTCOM,716,-0.042738,1.073833
DOTCOM,717,-0.011063,1.073833
DOTCOM,718,-0.003995,1.073833
DOTCOM,719,0.023265,1.073833
DOTCOM,720,-0.027049,1.073833
DOTCOM,721,-0.011684,1.073833
DOTCOM,722,0.010192,1.073833
DOTCOM,723,0.014931,1.073833
DOTCOM,724,-0.025845,1.073833
DOTCOM,725,-0.002449,1.073833
DOTCOM,726,0.002046,1.073833
DOTCOM,727,-0.01225,1.073833
DOTCOM,728,-0.004547,1.073833
DOTCOM,729,0.005399,1.073833
DOTCOM,730,-0.016522,1.073833
DOTCOM,731,0.00882,1.073833
DOTCOM,732,0.005412,1.073833
DOTCOM,733,-0.013664,1.073833
DOTCOM,734,0.005038,1.073833
DOTCOM,735,0.022974,1.073833
DOTCOM,736,0.031033,1.078559
DOTCOM,737,-0.006733,1.078559
DOTCOM,738,-0.003987,1.078559
DOTCOM,739,0.007606,1.078559
DOTCOM,740,-0.017084,1.078559
DOTCOM,741,0.001212,1.078559
DOTCOM,742,-0.022204,1.078559
DOTCOM,743,0.022708,1.078559
DOTCOM,744,0.015745,1.078559
DOTCOM,745,-0.02027,1.078559
DOTCOM,746,-0.006085,1.078559
DOTCOM,747,0.002041,1.078559
DOTCOM,748,-0.002444,1.078559
DOTCOM,749,0.002041,1.078559
DOTCOM,750,-0.021598,1.078559
DOTCOM,751,-0.008746,1.078559
DOTCOM,752,0.018067,1.078559
DOTCOM,753,0.057368,1.078559
DOTCOM,754,0.003903,1.078559
DOTCOM,755,0.034214,1.078559
DOTCOM,756,0.012406,1.084465
DOTCOM,757,-0.00854,1.084465
DOTCOM,758,0.003746,1.084465
DOTCOM,759,0.013806,1.084465
DOTCOM,760,-0.04159,1.084465
DOTCOM,761,0.014209,1.084465
DOTCOM,762,0.005679,1.084465
DOTCOM,763,-0.007154,1.084465
DOTCOM,764,-0.010997,1.084465
DOTCOM,765,-0.031825,1.084465
DOTCOM,766,0.007921,1.084465
DOTCOM,767,0.027505,1.084465
DOTCOM,768,0.01262,1.084465
DOTCOM,769,-0.016239,1.084465
DOTCOM,770,0.001536,1.084465
DOTCOM,771,-0.00115,1.084465
DOTCOM,772,-0.023024,1.084465
DOTCOM,773,0.012176,1.084465
DOTCOM,774,-0.010089,1.084465
DOTCOM,775,0.020384,1.084465
DOTCOM,776,0.009605,1.086237
DOTCOM,777,-0.002284,1.086237
DOTCOM,778,0.022883,1.086237
DOTCOM,779,0.003729,1.086237
DOTCOM,780,0.018944,1.086237
DOTCOM,781,0.007291,1.086237
DOTCOM,782,-0.005429,1.086237
DOTCOM,783,-0.019287,1.086237
DOTCOM,784,0.019666,1.086237
DOTCOM,785,0.009098,1.086237
DOTCOM,786,-0.010097,1.086237
DOTCOM,787,0.008743,1.086237
DOTCOM,788,0.021307,1.086237
DOTCOM,789,-0.00106,1.086237
DOTCOM,790,0.012743,1.086237
DOTCOM,791,-0.011185,1.086237
DOTCOM,792,-0.018381,1.086237
DOTCOM,793,0.023046,1.086237
DOTCOM,794,0.015136,1.086237
DOTCOM,795,-0.006242,1.086237
DOTCOM,796,-0.002094,1.086237
DOTCOM,797,0.011189,1.086237
DOTCOM,798,-0.007607,1.082103
DOTCOM,799,-0.035192,1.082103
DOTCOM,800,0.002889,1.082103
DOTCOM,801,-0.002881,1.082103
DOTCOM,802,0.014446,1.082103
DOTCOM,803,0.000356,1.082103
DOTCOM,804,0.035588,1.082103
DOTCOM,805,0.003092,1.082103
DOTCOM,806,0.004111,1.082103
DOTCOM,807,0.016377,1.082103
DOTCOM,808,-0.007049,1.082103
DOTCOM,809,0.009466,1.082103
DOTCOM,810,0.018754,1.082103
DOTCOM,811,0.007232,1.082103
DOTCOM,812,-0.016646,1.082103
DOTCOM,813,-0.013275,1.082103
DOTCOM,814,0.015137,1.082103
DOTCOM,815,0.011265,1.082103
DOTCOM,816,0.00426,1.082103
DOTCOM,817,-0.022512,1.082103
DOTCOM,818,0.030708,1.080331
DOTCOM,819,-0.003886,1.080331
DOTCOM,820,0.005202,1.080331
DOTCOM,821,-0.016171,1.080331
DOTCOM,822,-0.001315,1.080331
DOTCOM,823,-0.01547,1.080331
DOTCOM,824,-0.007689,1.080331
DOTCOM,825,-0.005391,1.080331
DOTCOM,826,0.023713,1.080331
DOTCOM,827,-0.012905,1.080331
DOTCOM,828,0.004023,1.080331
DOTCOM,829,0.013355,1.080331
DOTCOM,830,0.020428,1.080331
DOTCOM,831,-0.012593,1.080331
DOTCOM,832,0.042838,1.080331
DOTCOM,833,0.01223,1.080331
DOTCOM,834,-0.002478,1.080331
DOTCOM,835,-0.018633,1.080331
DOTCOM,836,0.007595,1.080331
DOTCOM,837,0.011935,1.080331
DOTCOM,838,0.001241,1.080331
DOTCOM,839,-0.0031,1.081512
DOTCOM,840,-0.030472,1.081512
DOTCOM,841,0.003207,1.081512
DOTCOM,842,-0.012788,1.081512
DOTCOM,843,0.014896,1.081512
DOTCOM,844,0.008297,1.081512
DOTCOM,845,-0.013291,1.081512
DOTCOM,846,0.019885,1.081512
DOTCOM,847,0.00283,1.081512
DOTCOM,848,-0.007526,1.081512
DOTCOM,849,-0.007267,1.081512
DOTCOM,850,0.012094,1.081512
DOTCOM,851,-0.010692,1.081512
DOTCOM,852,-0.000317,1.081512
DOTCOM,853,-0.039428,1.081512
DOTCOM,854,-0.000662,1.081512
DOTCOM,855,0.003975,1.081512
DOTCOM,856,-0.007919,1.081512
DOTCOM,857,0.010975,1.081512
DOTCOM,858,0.015132,1.081512
DOTCOM,859,0.000324,1.081512
DOTCOM,860,0.000972,1.081512
DOTCOM,861,0.008738,1.085056
DOTCOM,862,0.025666,1.085056
DOTCOM,863,0.012511,1.085056
DOTCOM,864,-0.002471,1.085056
DOTCOM,865,0.01084,1.085056
DOTCOM,866,-0.006128,1.085056
DOTCOM,867,0.002158,1.085056
DOTCOM,868,0.000923,1.085056
DOTCOM,869,0.00799,1.085056
DOTCOM,870,0.008842,1.085056
DOTCOM,871,0.009066,1.085056
DOTCOM,872,0.014376,1.085056
DOTCOM,873,-0.000591,1.085056
DOTCOM,874,0.009158,1.085056
DOTCOM,875,-0.006441,1.085056
DOTCOM,876,0.0165,1.085056
DOTCOM,877,-0.011884,1.085056
DOTCOM,878,-0.024053,1.085056
DOTCOM,879,0.011121,1.085056
DOTCOM,880,0.00535,1.085056
DOTCOM,881,-0.009757,1.089781
DOTCOM,882,0.027172,1.089781
DOTCOM,883,-0.004069,1.089781
DOTCOM,884,0.015178,1.089781
DOTCOM,885,-0.00575,1.089781
DOTCOM,886,-0.019086,1.089781
DOTCOM,887,0.017689,1.089781
DOTCOM,888,-0.037659,1.089781
DOTCOM,889,-0.012944,1.089781
DOTCOM,890,-0.006404,1.089781
DOTCOM,891,0.017189,1.089781
DOTCOM,892,-0.021726,1.089781
DOTCOM,893,0.022516,1.089781
DOTCOM,894,0.003318,1.089781
DOTCOM,895,0.027962,1.089781
DOTCOM,896,0.007312,1.089781
DOTCOM,897,0.006097,1.089781
DOTCOM,898,-0.006349,1.089781
DOTCOM,899,0.007551,1.089781
DOTCOM,900,0.009224,1.089781
DOTCOM,901,0.00657,1.089781
DOTCOM,902,0.002554,1.089781
DOTCOM,903,-0.004246,1.089781
DOTCOM,904,0.007959,1.093325
DOTCOM,905,-0.02397,1.093325
DOTCOM,906,0.012424,1.093325
DOTCOM,907,0.005993,1.093325
DOTCOM,908,-0.019291,1.093325
DOTCOM,909,-0.011571,1.093325
DOTCOM,910,0.000878,1.093325
DOTCOM,911,0.000292,1.093325
DOTCOM,912,0.033616,1.093325
DOTCOM,913,-0.001131,1.093325
DOTCOM,914,0.001982,1.093325
DOTCOM,915,-0.005934,1.093325
DOTCOM,916,0.016487,1.093325
DOTCOM,917,-0.006711,1.093325
DOTCOM,918,0.009009,1.093325
DOTCOM,919,0.00279,1.093325
DOTCOM,920,-0.008625,1.093325
DOTCOM,921,-0.012349,1.093325
DOTCOM,922,-0.003694,1.093325
DOTCOM,923,0.021392,1.093325
DOTCOM,924,-0.001117,1.093325
DOTCOM,925,-0.020408,1.093325
DOTCOM,926,-0.010274,1.092144
DOTCOM,927,-0.023068,1.092144
DOTCOM,928,0.00974,1.092144
DOTCOM,929,-0.009646,1.092144
DOTCOM,930,0.01033,1.092144
DOTCOM,931,0.027754,1.092144
DOTCOM,932,0.0,1.092144
DOTCOM,933,0.004548,1.092144
DOTCOM,934,0.001132,1.092144
DOTCOM,935,0.014698,1.092144
DOTCOM,936,-0.005572,1.092144
DOTCOM,937,-0.012605,1.092144
DOTCOM,938,0.01078,1.092144
DOTCOM,939,-0.016559,1.092144
DOTCOM,940,0.005708,1.092144
DOTCOM,941,-0.022985,1.092144
DOTCOM,942,0.003776,1.092144
DOTCOM,943,0.021412,1.092144
DOTCOM,944,-0.0017,1.092144
DOTCOM,945,-0.013054,1.092144
DOTCOM,946,0.002013,1.092735
DOTCOM,947,0.001722,1.092735
DOTCOM,948,0.01862,1.092735
DOTCOM,949,-0.002813,1.092735
DOTCOM,950,0.003102,1.092735
DOTCOM,951,0.007591,1.092735
DOTCOM,952,0.002066,1.092735
DOTCOM,953,-0.001393,1.092735
DOTCOM,954,0.016457,1.092735
DOTCOM,955,0.003293,1.092735
DOTCOM,956,-0.002735,1.092735
DOTCOM,957,-0.002742,1.092735
DOTCOM,958,0.020077,1.092735
DOTCOM,959,0.00674,1.092735
DOTCOM,960,0.009105,1.092735
DOTCOM,961,0.007962,1.092735
DOTCOM,962,-0.006582,1.092735
DOTCOM,963,0.015902,1.092735
DOTCOM,964,-0.009913,1.092735
DOTCOM,965,0.003426,1.092735
DOTCOM,966,0.002625,1.095688
DOTCOM,967,0.010215,1.095688
DOTCOM,968,-0.000778,1.095688
DOTCOM,969,-0.004152,1.095688
DOTCOM,970,-0.005993,1.095688
DOTCOM,971,-0.003669,1.095688
DOTCOM,972,0.015259,1.095688
DOTCOM,973,-0.022027,1.095688
DOTCOM,974,-0.016958,1.095688
DOTCOM,975,0.003774,1.095688
DOTCOM,976,-0.004565,1.095688
DOTCOM,977,-0.002698,1.095688
DOTCOM,978,-0.001082,1.095688
DOTCOM,979,-0.016246,1.095688
DOTCOM,980,0.003853,1.095688
DOTCOM,981,0.018097,1.095688
DOTCOM,982,-0.000269,1.095688
DOTCOM,983,0.001617,1.095688
DOTCOM,984,0.010758,1.095688
DOTCOM,985,-0.008782,1.095688
DOTCOM,986,-0.008323,1.095688
DOTCOM,987,0.013536,1.100413
DOTCOM,988,0.002938,1.100413
DOTCOM,989,-0.01518,1.100413
DOTCOM,990,-0.003245,1.100413
DOTCOM,991,-0.011123,1.100413
DOTCOM,992,-0.00247,1.100413
DOTCOM,993,0.006051,1.100413
DOTCOM,994,0.00246,1.100413
DOTCOM,995,-0.002727,1.100413
DOTCOM,996,0.013126,1.100413
DOTCOM,997,-0.011607,1.100413
DOTCOM,998,-0.005462,1.100413
DOTCOM,999,0.009336,1.100413
DOTCOM,1000,-0.003536,1.100413
DOTCOM,1001,-0.023478,1.100413
DOTCOM,1002,-0.003075,1.100413
DOTCOM,1003,-0.013181,1.100413
DOTCOM,1004,-0.009093,1.100413
DOTCOM,1005,0.018354,1.100413
DOTCOM,1006,-0.01746,1.100413
DOTCOM,1007,0.001719,1.100413
DOTCOM,1008,0.015737,1.102776
DOTCOM,1009,-0.004507,1.102776
DOTCOM,1010,-0.016695,1.102776
DOTCOM,1011,-0.012662,1.102776
DOTCOM,1012,-0.008161,1.102776
DOTCOM,1013,0.01146,1.102776
DOTCOM,1014,0.026728,1.102776
DOTCOM,1015,-0.003395,1.102776
DOTCOM,1016,0.016184,1.102776
DOTCOM,1017,0.003354,1.102776
DOTCOM,1018,-0.00195,1.102776
DOTCOM,1019,0.008929,1.102776
DOTCOM,1020,0.025996,1.102776
DOTCOM,1021,0.009434,1.102776
DOTCOM,1022,-0.01255,1.102776
DOTCOM,1023,-0.001082,1.102776
DOTCOM,1024,0.0,1.102776
DOTCOM,1025,0.006226,1.102776
DOTCOM,1026,-0.014528,1.102776
DOTCOM,1027,0.004914,1.102776
DOTCOM,1028,-0.01793,1.105139
DOTCOM,1029,-0.001659,1.105139
DOTCOM,1030,0.012191,1.105139
DOTCOM,1031,-0.023269,1.105139
DOTCOM,1032,0.008688,1.105139
DOTCOM,1033,0.025841,1.105139
DOTCOM,1034,0.007854,1.105139
DOTCOM,1035,-0.007257,1.105139
DOTCOM,1036,-0.001895,1.105139
DOTCOM,1037,-0.018172,1.105139
DOTCOM,1038,-0.01547,1.105139
DOTCOM,1039,-0.02441,1.105139
DOTCOM,1040,0.009491,1.105139
DOTCOM,1041,0.004273,1.105139
DOTCOM,1042,0.007943,1.105139
DOTCOM,1043,-0.0076,1.105139
DOTCOM,1044,-0.008224,1.105139
DOTCOM,1045,-0.008579,1.105139
DOTCOM,1046,0.014998,1.105139
DOTCOM,1047,0.001989,1.105139
DOTCOM,1048,-0.00709,1.105139
DOTCOM,1049,-0.007426,1.105139
DOTCOM,1050,-0.009496,1.106911
DOTCOM,1051,0.009006,1.106911
DOTCOM,1052,-0.001152,1.106911
DOTCOM,1053,0.004612,1.106911
DOTCOM,1054,0.004878,1.106911
DOTCOM,1055,0.006853,1.106911
DOTCOM,1056,0.019853,1.106911
DOTCOM,1057,0.006397,1.106911
DOTCOM,1058,0.006355,1.106911
DOTCOM,1059,0.00357,1.106911
DOTCOM,1060,-0.001368,1.106911
DOTCOM,1061,-0.002192,1.106911
DOTCOM,1062,-0.012082,1.106911
DOTCOM,1063,0.005837,1.106911
DOTCOM,1064,0.023764,1.106911
DOTCOM,1065,0.001349,1.106911
DOTCOM,1066,-0.014016,1.106911
DOTCOM,1067,0.007107,1.106911
DOTCOM,1068,-0.014115,1.106911
DOTCOM,1069,0.012941,1.111636
DOTCOM,1070,-0.001631,1.111636
DOTCOM,1071,-0.009257,1.111636
DOTCOM,1072,0.001374,1.111636
DOTCOM,1073,-0.007958,1.111636
DOTCOM,1074,0.014661,1.111636
DOTCOM,1075,0.011995,1.111636
DOTCOM,1076,-0.001885,1.111636
DOTCOM,1077,0.007556,1.111636
DOTCOM,1078,-0.008304,1.111636
DOTCOM,1079,0.009454,1.111636
DOTCOM,1080,0.009901,1.111636
DOTCOM,1081,-0.018548,1.111636
DOTCOM,1082,-0.00594,1.111636
DOTCOM,1083,-0.021455,1.111636
DOTCOM,1084,0.001943,1.111636
DOTCOM,1085,-0.011081,1.111636
DOTCOM,1086,0.001401,1.111636
DOTCOM,1087,-0.004196,1.111636
DOTCOM,1088,-0.001405,1.111636
DOTCOM,1089,-0.010126,1.111636
DOTCOM,1090,-0.00341,1.111636
DOTCOM,1091,-0.011405,1.115771
DOTCOM,1092,-0.002019,1.115771
DOTCOM,1093,0.023989,1.115771
DOTCOM,1094,-0.029071,1.115771
DOTCOM,1095,0.013663,1.115771
DOTCOM,1096,-0.018928,1.115771
DOTCOM,1097,-0.004384,1.115771
DOTCOM,1098,0.013799,1.115771
DOTCOM,1099,-0.004344,1.115771
DOTCOM,1100,0.011635,1.115771
DOTCOM,1101,0.003163,1.115771
DOTCOM,1102,0.002007,1.115771
DOTCOM,1103,-0.020882,1.115771
DOTCOM,1104,0.000292,1.115771
DOTCOM,1105,-0.018692,1.115771
DOTCOM,1106,-0.02619,1.115771
DOTCOM,1107,0.002445,1.115771
DOTCOM,1108,0.0125,1.115771
DOTCOM,1109,-0.008732,1.115771
DOTCOM,1110,-0.01367,1.115771
DOTCOM,1111,0.00154,1.115771
DOTCOM,1112,0.011378,1.116952
DOTCOM,1113,0.011249,1.116952
DOTCOM,1114,0.017739,1.116952
DOTCOM,1115,-0.005317,1.116952
DOTCOM,1116,0.010098,1.116952
DOTCOM,1117,0.002352,1.116952
DOTCOM,1118,-0.000293,1.116952
DOTCOM,1119,0.013791,1.116952
DOTCOM,1120,-0.004341,1.116952
DOTCOM,1121,0.004651,1.116952
DOTCOM,1122,-0.016783,1.116952
DOTCOM,1123,0.001178,1.116952
DOTCOM,1124,0.007348,1.116952
DOTCOM,1125,0.014882,1.116952
DOTCOM,1126,-0.018402,1.116952
DOTCOM,1127,0.008495,1.116952
DOTCOM,1128,-0.003776,1.116952
DOTCOM,1129,0.008455,1.116952
DOTCOM,1130,0.015323,1.116952
DOTCOM,1131,0.013098,1.116952
DOTCOM,1132,0.001406,1.116952
DOTCOM,1133,-0.010665,1.117543
DOTCOM,1134,0.001986,1.117543
DOTCOM,1135,0.003114,1.117543
DOTCOM,1136,0.0,1.117543
DOTCOM,1137,0.003952,1.117543
DOTCOM,1138,-0.017431,1.117543
DOTCOM,1139,-0.000858,1.117543
DOTCOM,1140,-0.003436,1.117543
DOTCOM,1141,-0.008621,1.117543
DOTCOM,1142,0.002029,1.117543
DOTCOM,1143,0.014752,1.117543
DOTCOM,1144,0.00171,1.117543
DOTCOM,1145,0.02732,1.117543
DOTCOM,1146,0.005817,1.117543
DOTCOM,1147,0.001377,1.117543
DOTCOM,1148,0.007976,1.117543
DOTCOM,1149,-0.011187,1.117543
DOTCOM,1150,-0.018213,1.117543
DOTCOM,1151,0.004779,1.117543
DOTCOM,1152,-0.001679,1.117543
DOTCOM,1153,-0.002242,1.117543
DOTCOM,1154,-0.004492,1.117543
DOTCOM,1155,0.005077,1.117543
DOTCOM,1156,0.014314,1.121087
DOTCOM,1157,-0.007194,1.121087
DOTCOM,1158,0.004738,1.121087
DOTCOM,1159,0.015256,1.121087
DOTCOM,1160,-0.021858,1.121087
DOTCOM,1161,-0.004749,1.121087
DOTCOM,1162,0.005332,1.121087
DOTCOM,1163,0.025405,1.121087
DOTCOM,1164,0.006262,1.121087
DOTCOM,1165,-0.001623,1.121087
DOTCOM,1166,0.003794,1.121087
DOTCOM,1167,0.00324,1.121087
DOTCOM,1168,0.006728,1.121087
DOTCOM,1169,0.005613,1.121087
DOTCOM,1170,0.009038,1.121087
DOTCOM,1171,0.001053,1.121087
DOTCOM,1172,-0.002105,1.121087
DOTCOM,1173,-0.003428,1.121087
DOTCOM,1174,0.01323,1.121087
DOTCOM,1175,0.009664,1.121087
DOTCOM,1176,0.004397,1.126994
DOTCOM,1177,-0.006181,1.126994
DOTCOM,1178,0.013475,1.126994
DOTCOM,1179,0.004602,1.126994
DOTCOM,1180,-0.015526,1.126994
DOTCOM,1181,0.009566,1.126994
DOTCOM,1182,-0.001536,1.126994
DOTCOM,1183,0.008719,1.126994
DOTCOM,1184,-0.003051,1.126994
DOTCOM,1185,-0.000255,1.126994
DOTCOM,1186,-0.00204,1.126994
DOTCOM,1187,0.020449,1.126994
DOTCOM,1188,0.003758,1.126994
DOTCOM,1189,0.001498,1.126994
DOTCOM,1190,0.003488,1.126994
DOTCOM,1191,-0.017134,1.126994
DOTCOM,1192,0.005811,1.126994
DOTCOM,1193,0.006028,1.126994
DOTCOM,1194,-0.002996,1.126994
DOTCOM,1195,0.008765,1.126994
DOTCOM,1196,0.004965,1.126994
DOTCOM,1197,-0.003705,1.126994
DOTCOM,1198,-0.009422,1.13231
DOTCOM,1199,-0.002553,1.13231
DOTCOM,1200,-0.006841,1.13231
DOTCOM,1201,0.012245,1.13231
DOTCOM,1202,0.00126,1.13231
DOTCOM,1203,0.000755,1.13231
DOTCOM,1204,-0.004276,1.13231
DOTCOM,1205,0.009598,1.13231
DOTCOM,1206,0.00125,1.13231
DOTCOM,1207,-0.000749,1.13231
DOTCOM,1208,-0.001751,1.13231
DOTCOM,1209,-0.010521,1.13231
DOTCOM,1210,-0.018228,1.13231
DOTCOM,1211,-0.006189,1.13231
DOTCOM,1212,-0.00493,1.13231
DOTCOM,1213,0.005215,1.13231
DOTCOM,1214,-0.000519,1.13231
DOTCOM,1215,-0.007008,1.13231
DOTCOM,1216,0.008364,1.13231
DOTCOM,1217,-0.013219,1.13231
DOTCOM,1218,0.009457,1.13231
DOTCOM,1219,0.007546,1.13231
DOTCOM,1220,-0.016529,1.13231
DOTCOM,1221,-0.019171,1.13231
DOTCOM,1222,-0.008031,1.13231
DOTCOM,1223,-0.014036,1.13231
DOTCOM,1224,0.004927,1.13231
DOTCOM,1225,0.011986,1.13231
DOTCOM,1226,-0.001346,1.13231
DOTCOM,1227,-0.004851,1.13231
DOTCOM,1228,0.013001,1.13231
DOTCOM,1229,0.003208,1.13231
DOTCOM,1230,0.001599,1.13231
DOTCOM,1231,-0.011443,1.13231
DOTCOM,1232,0.016151,1.13231
DOTCOM,1233,-0.002119,1.13231
DOTCOM,1234,0.001858,1.13231
DOTCOM,1235,-0.016693,1.13231
DOTCOM,1236,0.001078,1.13231
DOTCOM,1237,0.014806,1.13231
DOTCOM,1238,0.004508,1.13231
DOTCOM,1239,0.006602,1.131719
DOTCOM,1240,-0.003672,1.131719
DOTCOM,1241,-0.013428,1.131719
DOTCOM,1242,-0.003203,1.131719
DOTCOM,1243,-0.012315,1.131719
DOTCOM,1244,0.001355,1.131719
DOTCOM,1245,0.012725,1.131719
DOTCOM,1246,0.005612,1.131719
DOTCOM,1247,-0.010632,1.131719
DOTCOM,1248,0.011015,1.131719
DOTCOM,1249,-0.000531,1.131719
DOTCOM,1250,-0.008244,1.131719
DOTCOM,1251,0.005899,1.131719
DOTCOM,1252,0.014393,1.131719
DOTCOM,1253,-0.009985,1.131719
DOTCOM,1254,-0.002919,1.131719
DOTCOM,1255,-0.001331,1.131719
DOTCOM,1256,-0.009328,1.131719
DOTCOM,1257,0.004573,1.131719
DOTCOM,1258,-0.008034,1.131719
DOTCOM,1259,-0.01134,1.131719
DOTCOM,1260,0.002458,1.131719
DOTCOM,1261,-0.005448,1.136444
DOTCOM,1262,0.001917,1.136444
DOTCOM,1263,-0.012302,1.136444
DOTCOM,1264,0.003598,1.136444
DOTCOM,1265,0.000276,1.136444
DOTCOM,1266,0.001929,1.136444
DOTCOM,1267,-0.00798,1.136444
DOTCOM,1268,0.018862,1.136444
DOTCOM,1269,-0.004356,1.136444
DOTCOM,1270,-0.010118,1.136444
DOTCOM,1271,0.007182,1.136444
DOTCOM,1272,0.002743,1.136444
DOTCOM,1273,-0.001641,1.136444
DOTCOM,1274,0.012054,1.136444
DOTCOM,1275,-0.008121,1.136444
DOTCOM,1276,-0.004367,1.136444
DOTCOM,1277,0.004934,1.136444
DOTCOM,1278,-0.016367,1.136444
DOTCOM,1279,-0.014143,1.136444
DOTCOM,1280,-0.022784,1.140579
DOTCOM,1281,0.000288,1.140579
DOTCOM,1282,0.006907,1.140579
DOTCOM,1283,-0.008289,1.140579
DOTCOM,1284,0.026514,1.140579
DOTCOM,1285,-0.01488,1.140579
DOTCOM,1286,0.008265,1.140579
DOTCOM,1287,-0.009327,1.140579
DOTCOM,1288,0.001427,1.140579
DOTCOM,1289,-0.009972,1.140579
DOTCOM,1290,0.006619,1.140579
DOTCOM,1291,0.004002,1.140579
DOTCOM,1292,0.005125,1.140579
DOTCOM,1293,0.012181,1.140579
DOTCOM,1294,0.00084,1.140579
DOTCOM,1295,0.002796,1.140579
DOTCOM,1296,0.004741,1.140579
DOTCOM,1297,-0.007216,1.140579
DOTCOM,1298,0.005032,1.140579
DOTCOM,1299,-0.002782,1.140579
DOTCOM,1300,0.010879,1.140579
DOTCOM,1301,0.006622,1.144123
DOTCOM,1302,0.00603,1.144123
DOTCOM,1303,0.013624,1.144123
DOTCOM,1304,0.008333,1.144123
DOTCOM,1305,0.003999,1.144123
DOTCOM,1306,0.005045,1.144123
DOTCOM,1307,0.00317,1.144123
DOTCOM,1308,-0.004214,1.144123
DOTCOM,1309,0.010051,1.144123
DOTCOM,1310,0.000523,1.144123
DOTCOM,1311,-0.003402,1.144123
DOTCOM,1312,0.00814,1.144123
DOTCOM,1313,0.007034,1.144123
DOTCOM,1314,-0.014486,1.144123
DOTCOM,1315,0.000263,1.144123
DOTCOM,1316,-0.008397,1.144123
DOTCOM,1317,-0.002117,1.144123
DOTCOM,1318,0.006365,1.144123
DOTCOM,1319,-0.01054,1.144123
DOTCOM,1320,0.004793,1.144123
DOTCOM,1321,-0.003975,1.144123
DOTCOM,1322,0.003194,1.143532
DOTCOM,1323,0.005304,1.143532
DOTCOM,1324,0.000132,1.143532
DOTCOM,1325,0.0,1.143532
DOTCOM,1326,-0.000528,1.143532
DOTCOM,1327,-0.001057,1.143532
DOTCOM,1328,-0.011108,1.143532
DOTCOM,1329,-0.011233,1.143532
DOTCOM,1330,-0.004598,1.143532
DOTCOM,1331,0.009511,1.143532
DOTCOM,1332,-0.002153,1.143532
DOTCOM,1333,-0.007823,1.143532
DOTCOM,1334,-0.00136,1.143532
DOTCOM,1335,0.010346,1.143532
DOTCOM,1336,-0.004851,1.143532
DOTCOM,1337,0.00352,1.143532
DOTCOM,1338,0.019159,1.143532
DOTCOM,1339,0.009267,1.143532
DOTCOM,1340,0.004721,1.143532
DOTCOM,1341,0.00235,1.143532
DOTCOM,1342,0.009899,1.143532
DOTCOM,1343,0.003095,1.143532
DOTCOM,1344,-0.004115,1.144123
DOTCOM,1345,0.011619,1.144123
DOTCOM,1346,0.007147,1.144123
DOTCOM,1347,0.000253,1.144123
DOTCOM,1348,-0.001267,1.144123
DOTCOM,1349,-0.003805,1.144123
DOTCOM,1350,0.00382,1.144123
DOTCOM,1351,0.00761,1.144123
DOTCOM,1352,0.004784,1.144123
DOTCOM,1353,-0.008269,1.144123
DOTCOM,1354,0.001768,1.144123
DOTCOM,1355,0.010845,1.144123
DOTCOM,1356,-0.000499,1.144123
DOTCOM,1357,-0.009735,1.144123
DOTCOM,1358,-0.004789,1.144123
DOTCOM,1359,-0.007346,1.144123
DOTCOM,1360,0.006634,1.144123
DOTCOM,1361,-0.008618,1.144123
DOTCOM,1362,0.008182,1.144123
DOTCOM,1363,-0.00558,1.144123
DOTCOM,1364,0.006121,1.151211
DOTCOM,1365,-0.016223,1.151211
DOTCOM,1366,0.005926,1.151211
DOTCOM,1367,-0.005123,1.151211
DOTCOM,1368,-0.000514,1.151211
DOTCOM,1369,0.000515,1.151211
DOTCOM,1370,-0.002832,1.151211
DOTCOM,1371,-0.005939,1.151211
DOTCOM,1372,0.002338,1.151211
DOTCOM,1373,-0.003368,1.151211
DOTCOM,1374,0.0078,1.151211
DOTCOM,1375,-0.003612,1.151211
DOTCOM,1376,0.009321,1.151211
DOTCOM,1377,-0.001539,1.151211
DOTCOM,1378,-0.003854,1.151211
DOTCOM,1379,0.014702,1.151211
DOTCOM,1380,0.001779,1.151211
DOTCOM,1381,-0.000254,1.151211
DOTCOM,1382,0.005584,1.151211
DOTCOM,1383,0.002776,1.151211
DOTCOM,1384,-0.002516,1.151211
DOTCOM,1385,-0.011356,1.151211
DOTCOM,1386,-0.00051,1.158299
DOTCOM,1387,0.006129,1.158299
DOTCOM,1388,-0.007868,1.158299
DOTCOM,1389,-0.004093,1.158299
DOTCOM,1390,-0.011046,1.158299
DOTCOM,1391,0.003637,1.158299
DOTCOM,1392,0.002847,1.158299
DOTCOM,1393,0.000258,1.158299
DOTCOM,1394,-0.002322,1.158299
DOTCOM,1395,0.000259,1.158299
DOTCOM,1396,0.013444,1.158299
DOTCOM,1397,0.006633,1.158299
DOTCOM,1398,0.002534,1.158299
DOTCOM,1399,-0.006573,1.158299
DOTCOM,1400,-0.01374,1.158299
DOTCOM,1401,-0.013158,1.158299
DOTCOM,1402,0.002353,1.158299
DOTCOM,1403,-0.005477,1.158299
DOTCOM,1404,-0.004982,1.158299
DOTCOM,1405,-0.011861,1.158299
DOTCOM,1406,0.007735,1.158299
DOTCOM,1407,0.007411,1.158299
DOTCOM,1408,0.003153,1.174247
DOTCOM,1409,-0.007072,1.174247
DOTCOM,1410,0.020047,1.174247
DOTCOM,1411,-0.00931,1.174247
DOTCOM,1412,0.006265,1.174247
DOTCOM,1413,0.015823,1.174247
DOTCOM,1414,-0.00383,1.174247
DOTCOM,1415,-0.005126,1.174247
DOTCOM,1416,-0.020098,1.174247
DOTCOM,1417,0.007625,1.174247
DOTCOM,1418,0.014353,1.174247
DOTCOM,1419,-0.000772,1.174247
DOTCOM,1420,0.013131,1.174247
DOTCOM,1421,0.014994,1.174247
DOTCOM,1422,0.003505,1.174247
DOTCOM,1423,0.001248,1.174247
DOTCOM,1424,0.000249,1.174247
DOTCOM,1425,0.000499,1.174247
DOTCOM,1426,0.010955,1.174247
DOTCOM,1427,0.002709,1.174247
DOTCOM,1428,0.0,1.174247
DOTCOM,1429,-0.004667,1.176019
DOTCOM,1430,0.00617,1.176019
DOTCOM,1431,0.013246,1.176019
DOTCOM,1432,0.003388,1.176019
DOTCOM,1433,0.002413,1.176019
DOTCOM,1434,0.00361,1.176019
DOTCOM,1435,0.002398,1.176019
DOTCOM,1436,0.002153,1.176019
DOTCOM,1437,-0.008356,1.176019
DOTCOM,1438,-0.004814,1.176019
DOTCOM,1439,-0.002419,1.176019
DOTCOM,1440,0.018671,1.176019
DOTCOM,1441,0.002381,1.176019
DOTCOM,1442,-0.007362,1.176019
DOTCOM,1443,0.003349,1.176019
DOTCOM,1444,-0.001908,1.176019
DOTCOM,1445,-0.007166,1.176019
DOTCOM,1446,0.00385,1.176019
DOTCOM,1447,0.003595,1.176019
DOTCOM,1448,0.004061,1.176019
DOTCOM,1449,-0.00333,1.176019
DOTCOM,1450,0.00167,1.176019
DOTCOM,1451,-0.006902,1.170112
DOTCOM,1452,-0.015873,1.170112
DOTCOM,1453,0.000733,1.170112
DOTCOM,1454,0.004396,1.170112
DOTCOM,1455,0.006564,1.170112
DOTCOM,1456,0.0,1.170112
DOTCOM,1457,-0.008695,1.170112
DOTCOM,1458,-0.001218,1.170112
DOTCOM,1459,-0.006587,1.170112
DOTCOM,1460,-0.007613,1.170112
DOTCOM,1461,0.022272,1.170112
DOTCOM,1462,0.010409,1.170112
DOTCOM,1463,0.004313,1.170112
DOTCOM,1464,0.018129,1.170112
DOTCOM,1465,0.003983,1.170112
DOTCOM,1466,0.000701,1.170112
DOTCOM,1467,0.007696,1.170112
DOTCOM,1468,-0.00486,1.170112
DOTCOM,1469,-0.000465,1.170112
DOTCOM,1470,-0.006515,1.170112
DOTCOM,1471,-0.011476,1.170112
DOTCOM,1472,0.007345,1.170112
DOTCOM,1473,-0.029868,1.170112
DOTCOM,1474,0.000242,1.170112
DOTCOM,1475,0.004362,1.170112
DOTCOM,1476,-0.004343,1.170112
DOTCOM,1477,0.007029,1.170112
DOTCOM,1478,0.013478,1.170112
DOTCOM,1479,0.0019,1.170112
DOTCOM,1480,-0.004504,1.170112
DOTCOM,1481,0.003572,1.170112
DOTCOM,1482,-0.017082,1.170112
DOTCOM,1483,-0.012309,1.170112
DOTCOM,1484,-0.002689,1.170112
DOTCOM,1485,-0.004411,1.170112
DOTCOM,1486,0.011567,1.170112
DOTCOM,1487,-0.009489,1.170112
DOTCOM,1488,0.006141,1.170112
DOTCOM,1489,-0.011475,1.170112
DOTCOM,1490,0.010126,1.170112
DOTCOM,1491,0.006357,1.1772
DOTCOM,1492,0.009232,1.1772
DOTCOM,1493,-0.007944,1.1772
DOTCOM,1494,-0.011163,1.1772
DOTCOM,1495,0.012516,1.1772
DOTCOM,1496,-0.002666,1.1772
DOTCOM,1497,0.002673,1.1772
DOTCOM,1498,0.011148,1.1772
DOTCOM,1499,-0.014861,1.1772
DOTCOM,1500,0.013626,1.1772
DOTCOM,1501,0.00072,1.1772
DOTCOM,1502,-0.005757,1.1772
DOTCOM,1503,-0.008685,1.1772
DOTCOM,1504,-0.005841,1.1772
DOTCOM,1505,0.00049,1.1772
DOTCOM,1506,-0.008564,1.1772
DOTCOM,1507,0.000987,1.1772
DOTCOM,1508,0.002959,1.1772
DOTCOM,1509,0.016961,1.1772
DOTCOM,1510,0.00846,1.1772
DOTCOM,1511,-0.008389,1.1772
DOTCOM,1512,0.002636,1.1772
DOTCOM,1513,0.002413,1.177791
DOTCOM,1514,-0.010589,1.177791
DOTCOM,1515,0.002432,1.177791
DOTCOM,1516,-0.002912,1.177791
DOTCOM,1517,0.005111,1.177791
DOTCOM,1518,0.000241,1.177791
DOTCOM,1519,-0.004115,1.177791
DOTCOM,1520,0.01896,1.177791
DOTCOM,1521,0.003101,1.177791
DOTCOM,1522,-0.002853,1.177791
DOTCOM,1523,0.001192,1.177791
DOTCOM,1524,0.005478,1.177791
DOTCOM,1525,0.009477,1.177791
DOTCOM,1526,0.002816,1.177791
DOTCOM,1527,-0.009595,1.177791
DOTCOM,1528,-0.001418,1.177791
DOTCOM,1529,-0.008045,1.177791
DOTCOM,1530,0.000239,1.177791
DOTCOM,1531,0.004054,1.177791
DOTCOM,1532,-0.010451,1.179563
DOTCOM,1533,0.019202,1.179563
DOTCOM,1534,0.004475,1.179563
DOTCOM,1535,-0.003517,1.179563
DOTCOM,1536,-0.011764,1.179563
DOTCOM,1537,-0.000952,1.179563
DOTCOM,1538,-0.002145,1.179563
DOTCOM,1539,-0.000239,1.179563
DOTCOM,1540,0.009556,1.179563
DOTCOM,1541,-0.009702,1.179563
DOTCOM,1542,-0.009797,1.179563
DOTCOM,1543,0.002654,1.179563
DOTCOM,1544,-0.001444,1.179563
DOTCOM,1545,0.008195,1.179563
DOTCOM,1546,0.007889,1.179563
DOTCOM,1547,0.000949,1.179563
DOTCOM,1548,-0.003791,1.179563
DOTCOM,1549,-0.008801,1.179563
DOTCOM,1550,-0.022318,1.179563
DOTCOM,1551,-0.0135,1.179563
DOTCOM,1552,-0.000746,1.179563
DOTCOM,1553,-0.00747,1.18547
DOTCOM,1554,-0.013548,1.18547
DOTCOM,1555,-0.006866,1.18547
DOTCOM,1556,0.007682,1.18547
DOTCOM,1557,-0.009656,1.18547
DOTCOM,1558,-0.009751,1.18547
DOTCOM,1559,0.006738,1.18547
DOTCOM,1560,0.013127,1.18547
DOTCOM,1561,0.003303,1.18547
DOTCOM,1562,-0.021524,1.18547
DOTCOM,1563,0.004659,1.18547
DOTCOM,1564,0.023699,1.18547
DOTCOM,1565,-0.002517,1.18547
DOTCOM,1566,-0.021694,1.18547
DOTCOM,1567,-0.000774,1.18547
DOTCOM,1568,-0.007484,1.18547
DOTCOM,1569,-0.00156,1.18547
DOTCOM,1570,-0.006511,1.18547
DOTCOM,1571,-0.019659,1.18547
DOTCOM,1572,-0.00401,1.18547
DOTCOM,1573,0.010201,1.18547
DOTCOM,1574,0.027107,1.189014
DOTCOM,1575,-0.007353,1.189014
DOTCOM,1576,-0.008086,1.189014
DOTCOM,1577,0.001315,1.189014
DOTCOM,1578,0.015756,1.189014
DOTCOM,1579,-0.012667,1.189014
DOTCOM,1580,-0.001048,1.189014
DOTCOM,1581,0.002622,1.189014
DOTCOM,1582,-0.018824,1.189014
DOTCOM,1583,0.007461,1.189014
DOTCOM,1584,0.030415,1.189014
DOTCOM,1585,-0.004877,1.189014
DOTCOM,1586,0.005933,1.189014
DOTCOM,1587,-0.021795,1.189014
DOTCOM,1588,-0.001049,1.189014
DOTCOM,1589,-0.01102,1.189014
DOTCOM,1590,-0.008756,1.189014
DOTCOM,1591,0.007495,1.189014
DOTCOM,1592,-0.018863,1.189014
DOTCOM,1593,-0.016788,1.189014
DOTCOM,1594,-0.01019,1.189014
DOTCOM,1595,0.002504,1.191967
DOTCOM,1596,0.003331,1.191967
DOTCOM,1597,0.013001,1.191967
DOTCOM,1598,-0.014746,1.191967
DOTCOM,1599,-0.010532,1.191967
DOTCOM,1600,0.019888,1.191967
DOTCOM,1601,0.005768,1.191967
DOTCOM,1602,-0.000819,1.191967
DOTCOM,1603,-0.006559,1.191967
DOTCOM,1604,0.020908,1.191967
DOTCOM,1605,-0.00027,1.191967
DOTCOM,1606,-0.016711,1.191967
DOTCOM,1607,0.011239,1.191967
DOTCOM,1608,0.006234,1.191967
DOTCOM,1609,-0.00458,1.191967
DOTCOM,1610,-0.006495,1.191967
DOTCOM,1611,-0.006265,1.191967
DOTCOM,1612,0.001371,1.191967
DOTCOM,1613,0.007117,1.191967
DOTCOM,1614,-0.007067,1.191967
DOTCOM,1615,0.00657,1.191967
DOTCOM,1616,0.025292,1.198464
DOTCOM,1617,0.023607,1.198464
DOTCOM,1618,0.003628,1.198464
DOTCOM,1619,0.001549,1.198464
DOTCOM,1620,-0.009538,1.198464
DOTCOM,1621,0.00026,1.198464
DOTCOM,1622,-0.007546,1.198464
DOTCOM,1623,0.002884,1.198464
DOTCOM,1624,0.00183,1.198464
DOTCOM,1625,0.007567,1.198464
DOTCOM,1626,0.003108,1.198464
DOTCOM,1627,0.004648,1.198464
DOTCOM,1628,-0.001027,1.198464
DOTCOM,1629,0.005402,1.198464
DOTCOM,1630,0.009723,1.198464
DOTCOM,1631,-0.020019,1.198464
DOTCOM,1632,-0.004655,1.198464
DOTCOM,1633,0.005975,1.198464
DOTCOM,1634,0.006198,1.198464
DOTCOM,1635,0.018481,1.198464
DOTCOM,1636,0.006804,1.198464
DOTCOM,1637,0.001001,1.198464
DOTCOM,1638,0.003578,1.20378
DOTCOM,1639,0.000249,1.20378
DOTCOM,1640,-0.00673,1.20378
DOTCOM,1641,0.014555,1.20378
DOTCOM,1642,-0.006183,1.20378
DOTCOM,1643,-0.007715,1.20378
DOTCOM,1644,0.017557,1.20378
DOTCOM,1645,0.00493,1.20378
DOTCOM,1646,-0.001226,1.20378
DOTCOM,1647,0.002701,1.20378
DOTCOM,1648,-0.004408,1.20378
DOTCOM,1649,-0.012546,1.20378
DOTCOM,1650,0.004235,1.20378
DOTCOM,1651,0.02456,1.20378
DOTCOM,1652,0.004842,1.20378
DOTCOM,1653,-0.002168,1.20378
DOTCOM,1654,0.003381,1.20378
DOTCOM,1655,0.001685,1.20378
DOTCOM,1656,-0.001922,1.20378
DOTCOM,1657,0.015889,1.20378
DOTCOM,1658,0.00545,1.20378
DOTCOM,1659,0.000942,1.197874
DOTCOM,1660,-0.011066,1.197874
DOTCOM,1661,-0.004762,1.197874
DOTCOM,1662,0.002393,1.197874
DOTCOM,1663,0.002387,1.197874
DOTCOM,1664,0.010238,1.197874
DOTCOM,1665,-0.006835,1.197874
DOTCOM,1666,0.006882,1.197874
DOTCOM,1667,0.009191,1.197874
DOTCOM,1668,-0.014246,1.197874
DOTCOM,1669,0.006397,1.197874
DOTCOM,1670,0.002354,1.197874
DOTCOM,1671,-0.013621,1.197874
DOTCOM,1672,0.000953,1.197874
DOTCOM,1673,-0.002617,1.197874
DOTCOM,1674,0.014547,1.197874
DOTCOM,1675,0.006817,1.197874
DOTCOM,1676,0.004671,1.197874
DOTCOM,1677,-0.004649,1.197874
DOTCOM,1678,0.004671,1.197874
DOTCOM,1679,0.010225,1.197874
DOTCOM,1680,0.010582,1.197874
DOTCOM,1681,0.004097,1.192558
DOTCOM,1682,0.004308,1.192558
DOTCOM,1683,0.0,1.192558
DOTCOM,1684,0.002031,1.192558
DOTCOM,1685,0.001352,1.192558
DOTCOM,1686,0.006299,1.192558
DOTCOM,1687,-0.001788,1.192558
DOTCOM,1688,-0.022621,1.192558
DOTCOM,1689,0.002979,1.192558
DOTCOM,1690,0.006854,1.192558
DOTCOM,1691,-0.000681,1.192558
DOTCOM,1692,-0.008628,1.192558
DOTCOM,1693,0.013743,1.192558
DOTCOM,1694,0.003615,1.192558
DOTCOM,1695,-0.003602,1.192558
DOTCOM,1696,-0.012653,1.192558
DOTCOM,1697,0.004577,1.192558
DOTCOM,1698,0.003645,1.192558
DOTCOM,1699,-0.005901,1.192558
DOTCOM,1700,0.001827,1.192558
DOTCOM,1701,0.011167,1.192558
DOTCOM,1702,0.002573,1.192558
DOTCOM,1703,-0.009903,1.193148
DOTCOM,1704,-0.003182,1.193148
DOTCOM,1705,-0.003649,1.193148
DOTCOM,1706,-0.007095,1.193148
DOTCOM,1707,-0.010374,1.193148
DOTCOM,1708,0.004193,1.193148
DOTCOM,1709,0.005103,1.193148
DOTCOM,1710,-0.004847,1.193148
DOTCOM,1711,0.000928,1.193148
DOTCOM,1712,0.001854,1.193148
DOTCOM,1713,0.018964,1.193148
DOTCOM,1714,-0.004766,1.193148
DOTCOM,1715,0.000684,1.193148
DOTCOM,1716,0.005014,1.193148
DOTCOM,1717,0.011791,1.193148
DOTCOM,1718,0.01031,1.193148
DOTCOM,1719,0.005101,1.193148
DOTCOM,1720,-0.000662,1.199646
DOTCOM,1721,-0.008172,1.199646
DOTCOM,1722,-0.018481,1.199646
DOTCOM,1723,0.002042,1.199646
DOTCOM,1724,-0.010867,1.199646
DOTCOM,1725,-0.002518,1.199646
DOTCOM,1726,0.016521,1.199646
DOTCOM,1727,-0.012866,1.199646
DOTCOM,1728,-0.003659,1.199646
DOTCOM,1729,0.000918,1.199646
DOTCOM,1730,0.000459,1.199646
DOTCOM,1731,0.010085,1.199646
DOTCOM,1732,-0.001588,1.199646
DOTCOM,1733,0.003636,1.199646
DOTCOM,1734,-0.000905,1.199646
DOTCOM,1735,-0.001359,1.199646
DOTCOM,1736,0.009078,1.199646
DOTCOM,1737,-0.000225,1.199646
DOTCOM,1738,-0.012824,1.199646
DOTCOM,1739,-0.003874,1.199646
DOTCOM,1740,0.003432,1.199646
DOTCOM,1741,0.016872,1.199646
DOTCOM,1742,0.00583,1.201636
DOTCOM,1743,-0.003344,1.201636
DOTCOM,1744,0.007605,1.201636
DOTCOM,1745,0.003107,1.201636
DOTCOM,1746,0.00509,1.201636
DOTCOM,1747,-0.003523,1.201636
DOTCOM,1748,-0.00486,1.201636
DOTCOM,1749,-0.041075,1.201636
DOTCOM,1750,0.003242,1.201636
DOTCOM,1751,-0.004616,1.201636
DOTCOM,1752,-0.015071,1.201636
DOTCOM,1753,-0.007768,1.201636
DOTCOM,1754,0.016607,1.201636
DOTCOM,1755,-0.003967,1.201636
DOTCOM,1756,0.006795,1.201636
DOTCOM,1757,-0.000931,1.201636
DOTCOM,1758,0.006522,1.201636
DOTCOM,1759,-0.01944,1.201636
DOTCOM,1760,0.014633,1.201636
DOTCOM,1761,-0.002326,1.201636
DOTCOM,1762,-0.00077,1.201636
DOTCOM,1763,0.010273,1.206297
DOTCOM,1764,0.007164,1.206297
DOTCOM,1765,0.019275,1.206297
DOTCOM,1766,-0.003602,1.206297
DOTCOM,1767,-0.003162,1.206297
DOTCOM,1768,0.00408,1.206297
DOTCOM,1769,-0.006998,1.206297
DOTCOM,1770,-0.010684,1.206297
DOTCOM,1771,0.001149,1.206297
DOTCOM,1772,-0.000918,1.206297
DOTCOM,1773,0.001378,1.206297
DOTCOM,1774,0.013077,1.206297
DOTCOM,1775,0.004076,1.206297
DOTCOM,1776,0.004962,1.206297
DOTCOM,1777,-0.002468,1.206297
DOTCOM,1778,0.005174,1.206297
DOTCOM,1779,-0.010519,1.206297
DOTCOM,1780,0.007917,1.206297
DOTCOM,1781,0.00202,1.206297
DOTCOM,1782,0.009183,1.212569
DOTCOM,1783,0.002219,1.212569
DOTCOM,1784,-0.003322,1.212569
DOTCOM,1785,0.003111,1.212569
DOTCOM,1786,0.005537,1.212569
DOTCOM,1787,0.001542,1.212569
DOTCOM,1788,0.005059,1.212569
DOTCOM,1789,0.013348,1.212569
DOTCOM,1790,0.005182,1.212569
DOTCOM,1791,0.00043,1.212569
DOTCOM,1792,-0.013099,1.212569
DOTCOM,1793,-0.000871,1.212569
DOTCOM,1794,0.010889,1.212569
DOTCOM,1795,0.003662,1.212569
DOTCOM,1796,0.000859,1.212569
DOTCOM,1797,0.0,1.212569
DOTCOM,1798,0.002144,1.212569
DOTCOM,1799,0.00214,1.212569
DOTCOM,1800,-0.013666,1.212569
DOTCOM,1801,0.012773,1.212569
DOTCOM,1802,-0.00684,1.212569
DOTCOM,1803,-0.007749,1.212569
DOTCOM,1804,0.009761,1.216208
DOTCOM,1805,-0.004726,1.216208
DOTCOM,1806,0.008202,1.216208
DOTCOM,1807,0.006423,1.216208
DOTCOM,1808,0.000851,1.216208
DOTCOM,1809,-0.004676,1.216208
DOTCOM,1810,-0.014307,1.216208
DOTCOM,1811,0.006282,1.216208
DOTCOM,1812,0.00775,1.216208
DOTCOM,1813,0.008118,1.216208
DOTCOM,1814,0.004662,1.216208
DOTCOM,1815,0.000633,1.216208
DOTCOM,1816,0.002951,1.216208
DOTCOM,1817,0.0,1.216208
DOTCOM,1818,-0.010719,1.216208
DOTCOM,1819,-0.015509,1.216208
DOTCOM,1820,0.012301,1.216208
DOTCOM,1821,-0.001918,1.216208
DOTCOM,1822,-0.005981,1.216208
DOTCOM,1823,0.010959,1.216208
DOTCOM,1824,0.006589,1.216208
DOTCOM,1825,0.009234,1.221234
DOTCOM,1826,0.00021,1.221234
DOTCOM,1827,-0.000209,1.221234
DOTCOM,1828,-0.009422,1.221234
DOTCOM,1829,0.009089,1.221234
DOTCOM,1830,-0.009426,1.221234
DOTCOM,1831,-0.004229,1.221234
DOTCOM,1832,-0.005734,1.221234
DOTCOM,1833,0.015378,1.221234
DOTCOM,1834,-0.00042,1.221234
DOTCOM,1835,0.001683,1.221234
DOTCOM,1836,0.009034,1.221234
DOTCOM,1837,0.00583,1.221234
DOTCOM,1838,0.007245,1.221234
DOTCOM,1839,0.00411,1.221234
DOTCOM,1840,0.000614,1.221234
DOTCOM,1841,-0.008386,1.221234
DOTCOM,1842,0.006807,1.221234
DOTCOM,1843,0.015366,1.221234
DOTCOM,1844,0.00686,1.221234
DOTCOM,1845,-0.001002,1.224064
DOTCOM,1846,0.007622,1.224064
DOTCOM,1847,-0.001194,1.224064
DOTCOM,1848,0.00299,1.224064
DOTCOM,1849,-0.005365,1.224064
DOTCOM,1850,0.000399,1.224064
DOTCOM,1851,-0.014779,1.224064
DOTCOM,1852,0.001419,1.224064
DOTCOM,1853,-0.008502,1.224064
DOTCOM,1854,-0.020212,1.224064
DOTCOM,1855,0.011669,1.224064
DOTCOM,1856,-0.02101,1.224064
DOTCOM,1857,0.007785,1.224064
DOTCOM,1858,0.009185,1.224064
DOTCOM,1859,-0.019032,1.224064
DOTCOM,1860,0.011598,1.224064
DOTCOM,1861,0.007088,1.224064
DOTCOM,1862,0.010971,1.224064
DOTCOM,1863,-0.023137,1.224064
DOTCOM,1864,-0.009012,1.224064
DOTCOM,1865,0.006768,1.224064
DOTCOM,1866,-0.017016,1.224064
DOTCOM,1867,-0.019021,1.226243
DOTCOM,1868,-0.009805,1.226243
DOTCOM,1869,0.018922,1.226243
DOTCOM,1870,0.00475,1.226243
DOTCOM,1871,0.010531,1.226243
DOTCOM,1872,0.013611,1.226243
DOTCOM,1873,-0.002728,1.226243
DOTCOM,1874,0.014097,1.226243
DOTCOM,1875,-0.006639,1.226243
DOTCOM,1876,-0.02381,1.226243
DOTCOM,1877,0.028669,1.226243
DOTCOM,1878,0.0052,1.226243
DOTCOM,1879,0.011173,1.226243
DOTCOM,1880,0.016575,1.226243
DOTCOM,1881,-0.010064,1.226243
DOTCOM,1882,-0.000813,1.226243
DOTCOM,1883,-0.018518,1.226243
DOTCOM,1884,-0.000622,1.226243
DOTCOM,1885,0.015145,1.226243
DOTCOM,1886,0.000204,1.226243
DOTCOM,1887,0.004904,1.226243
DOTCOM,1888,0.000813,1.226243
DOTCOM,1889,-0.00833,1.226621
DOTCOM,1890,0.025199,1.226621
DOTCOM,1891,0.002598,1.226621
DOTCOM,1892,-0.00279,1.226621
DOTCOM,1893,0.007119,1.226621
DOTCOM,1894,0.004567,1.226621
DOTCOM,1895,0.009488,1.226621
DOTCOM,1896,0.004895,1.226621
DOTCOM,1897,0.005066,1.226621
DOTCOM,1898,-0.003296,1.226621
DOTCOM,1899,0.011476,1.226621
DOTCOM,1900,0.000192,1.226621
DOTCOM,1901,-0.006922,1.226621
DOTCOM,1902,0.002324,1.226621
DOTCOM,1903,0.020282,1.226621
DOTCOM,1904,0.006248,1.226621
DOTCOM,1905,0.004327,1.226621
DOTCOM,1906,0.002435,1.226621
DOTCOM,1907,-0.015885,1.226621
DOTCOM,1908,0.016521,1.226621
DOTCOM,1909,-0.007659,1.226621
DOTCOM,1910,-0.004706,1.231819
DOTCOM,1911,0.012862,1.231819
DOTCOM,1912,0.004295,1.231819
DOTCOM,1913,-0.024916,1.231819
DOTCOM,1914,0.012014,1.231819
DOTCOM,1915,0.020916,1.231819
DOTCOM,1916,-0.007567,1.231819
DOTCOM,1917,-0.013391,1.231819
DOTCOM,1918,0.016588,1.231819
DOTCOM,1919,0.004079,1.231819
DOTCOM,1920,0.002032,1.231819
DOTCOM,1921,0.014191,1.231819
DOTCOM,1922,-0.018717,1.231819
DOTCOM,1923,0.007778,1.231819
DOTCOM,1924,-0.006431,1.231819
DOTCOM,1925,0.011282,1.231819
DOTCOM,1926,-0.024323,1.231819
DOTCOM,1927,-0.030366,1.231819
DOTCOM,1928,-0.033443,1.231819
DOTCOM,1929,-0.0254,1.231819
DOTCOM,1930,0.041247,1.231819
DOTCOM,1931,-0.01281,1.231819
DOTCOM,1932,-0.005391,1.235617
DOTCOM,1933,0.009233,1.235617
DOTCOM,1934,-0.011535,1.235617
DOTCOM,1935,0.004024,1.235617
DOTCOM,1936,-0.011823,1.235617
DOTCOM,1937,0.010748,1.235617
DOTCOM,1938,-0.017255,1.235617
DOTCOM,1939,0.020008,1.235617
DOTCOM,1940,0.030425,1.235617
DOTCOM,1941,0.004273,1.235617
DOTCOM,1942,-0.007543,1.235617
DOTCOM,1943,-0.008381,1.235617
DOTCOM,1944,-0.004128,1.235617
DOTCOM,1945,0.01796,1.235617
DOTCOM,1946,0.014347,1.235617
DOTCOM,1947,0.000191,1.235617
DOTCOM,1948,0.004013,1.235617
DOTCOM,1949,-0.023221,1.235617
DOTCOM,1950,0.008963,1.235617
DOTCOM,1951,-0.005408,1.235617
DOTCOM,1952,-0.010291,1.235617
DOTCOM,1953,-0.024328,1.245328
DOTCOM,1954,0.003217,1.245328
DOTCOM,1955,-0.000201,1.245328
DOTCOM,1956,0.020449,1.245328
DOTCOM,1957,0.019726,1.245328
DOTCOM,1958,0.007522,1.245328
DOTCOM,1959,0.004977,1.245328
DOTCOM,1960,-0.012,1.245328
DOTCOM,1961,-0.000964,1.245328
DOTCOM,1962,-0.011579,1.245328
DOTCOM,1963,-0.015814,1.245328
DOTCOM,1964,0.004166,1.245328
DOTCOM,1965,-0.043856,1.245328
DOTCOM,1966,-0.004751,1.245328
DOTCOM,1967,-0.02595,1.245328
DOTCOM,1968,0.021313,1.245328
DOTCOM,1969,0.001461,1.245328
DOTCOM,1970,-0.019588,1.245328
DOTCOM,1971,0.017428,1.245328
DOTCOM,1972,-0.027575,1.248937
DOTCOM,1973,-0.010741,1.248937
DOTCOM,1974,-0.013898,1.248937
DOTCOM,1975,-0.001321,1.248937
DOTCOM,1976,-0.025799,1.248937
DOTCOM,1977,-0.003848,1.248937
DOTCOM,1978,0.02045,1.248937
DOTCOM,1979,-0.020486,1.248937
DOTCOM,1980,0.007729,1.248937
DOTCOM,1981,0.001804,1.248937
DOTCOM,1982,-0.000901,1.248937
DOTCOM,1983,0.017129,1.248937
DOTCOM,1984,0.010192,1.248937
DOTCOM,1985,-0.014038,1.248937
DOTCOM,1986,-0.028476,1.248937
DOTCOM,1987,-0.019693,1.248937
DOTCOM,1988,0.007008,1.248937
DOTCOM,1989,0.011366,1.248937
DOTCOM,1990,0.010779,1.248937
DOTCOM,1991,-0.005673,1.248937
DOTCOM,1992,0.021908,1.248937
DOTCOM,1993,-0.018088,1.248937
DOTCOM,1994,-0.003412,1.253243
DOTCOM,1995,-0.001825,1.253243
DOTCOM,1996,0.004572,1.253243
DOTCOM,1997,-0.009558,1.253243
DOTCOM,1998,0.003677,1.253243
DOTCOM,1999,0.005037,1.253243
DOTCOM,2000,0.003872,1.253243
DOTCOM,2001,0.004992,1.253243
DOTCOM,2002,-0.003838,1.253243
DOTCOM,2003,-0.026518,1.253243
DOTCOM,2004,-0.00652,1.253243
DOTCOM,2005,0.005625,1.253243
DOTCOM,2006,0.004893,1.253243
DOTCOM,2007,-0.022031,1.253243
DOTCOM,2008,-0.002371,1.253243
DOTCOM,2009,-0.019254,1.253243
DOTCOM,2010,0.038052,1.253243
DOTCOM,2011,-0.002801,1.253243
DOTCOM,2012,0.007726,1.253243
DOTCOM,2013,-0.018355,1.253243
DOTCOM,2014,-0.018225,1.256273
DOTCOM,2015,0.0446,1.256273
DOTCOM,2016,-0.024695,1.256273
DOTCOM,2017,0.020437,1.256273
DOTCOM,2018,0.034579,1.256273
DOTCOM,2019,0.005608,1.256273
DOTCOM,2020,-0.002899,1.256273
DOTCOM,2021,-0.022148,1.256273
DOTCOM,2022,-0.005033,1.256273
DOTCOM,2023,0.005289,1.256273
DOTCOM,2024,0.042772,1.256273
DOTCOM,2025,-0.002194,1.256273
DOTCOM,2026,0.002198,1.256273
DOTCOM,2027,0.005922,1.256273
DOTCOM,2028,-0.002181,1.256273
DOTCOM,2029,-0.007648,1.256273
DOTCOM,2030,-0.011231,1.256273
DOTCOM,2031,0.014254,1.256273
DOTCOM,2032,-0.027668,1.256273
DOTCOM,2033,-0.004516,1.256273
DOTCOM,2034,0.001361,1.260768
DOTCOM,2035,0.027866,1.260768
DOTCOM,2036,-0.002204,1.260768
DOTCOM,2037,0.031809,1.260768
DOTCOM,2038,0.007065,1.260768
DOTCOM,2039,-0.014881,1.260768
DOTCOM,2040,0.011005,1.260768
DOTCOM,2041,0.008965,1.260768
DOTCOM,2042,-0.002539,1.260768
DOTCOM,2043,0.001909,1.260768
DOTCOM,2044,0.00762,1.260768
DOTCOM,2045,-0.008193,1.260768
DOTCOM,2046,0.031561,1.260768
DOTCOM,2047,0.001438,1.260768
DOTCOM,2048,-0.002871,1.260768
DOTCOM,2049,0.006169,1.260768
DOTCOM,2050,-0.018189,1.260768
DOTCOM,2051,0.007494,1.260768
DOTCOM,2052,-0.003925,1.260768
DOTCOM,2053,0.018253,1.260768
DOTCOM,2054,0.002648,1.260768
DOTCOM,2055,-0.002235,1.260768
DOTCOM,2056,0.017512,1.260768
DOTCOM,2057,0.000801,1.263686
DOTCOM,2058,-0.007199,1.263686
DOTCOM,2059,-0.007654,1.263686
DOTCOM,2060,-0.022122,1.263686
DOTCOM,2061,0.003528,1.263686
DOTCOM,2062,-0.003103,1.263686
DOTCOM,2063,0.017635,1.263686
DOTCOM,2064,0.004077,1.263686
DOTCOM,2065,0.008934,1.263686
DOTCOM,2066,0.00644,1.263686
DOTCOM,2067,-0.012198,1.263686
DOTCOM,2068,-0.005465,1.263686
DOTCOM,2069,0.012823,1.263686
DOTCOM,2070,0.015877,1.263686
DOTCOM,2071,-0.03007,1.263686
DOTCOM,2072,-0.005303,1.263686
DOTCOM,2073,-0.004716,1.263686
DOTCOM,2074,-0.024104,1.263686
DOTCOM,2075,0.001055,1.263686
DOTCOM,2076,0.020034,1.263686
DOTCOM,2077,0.00889,1.271164
DOTCOM,2078,-0.005328,1.271164
DOTCOM,2079,-0.010713,1.271164
DOTCOM,2080,0.015619,1.271164
DOTCOM,2081,-0.027003,1.271164
DOTCOM,2082,-0.007803,1.271164
DOTCOM,2083,-0.005101,1.271164
DOTCOM,2084,0.016236,1.271164
DOTCOM,2085,-0.040361,1.271164
DOTCOM,2086,0.0,1.271164
DOTCOM,2087,-0.010515,1.271164
DOTCOM,2088,0.014169,1.271164
DOTCOM,2089,-0.024012,1.271164
DOTCOM,2090,-0.00179,1.271164
DOTCOM,2091,0.00605,1.271164
DOTCOM,2092,0.023831,1.271164
DOTCOM,2093,-0.026539,1.271164
DOTCOM,2094,0.011844,1.271164
DOTCOM,2095,-0.015901,1.271164
DOTCOM,2096,-0.007406,1.271164
DOTCOM,2097,0.000226,1.271164
DOTCOM,2098,0.024864,1.284483
DOTCOM,2099,0.006617,1.284483
DOTCOM,2100,-0.023006,1.284483
DOTCOM,2101,0.004261,1.284483
DOTCOM,2102,0.0,1.284483
DOTCOM,2103,0.013175,1.284483
DOTCOM,2104,-0.014988,1.284483
DOTCOM,2105,0.012979,1.284483
DOTCOM,2106,-0.018776,1.284483
DOTCOM,2107,0.020711,1.284483
DOTCOM,2108,0.005073,1.284483
DOTCOM,2109,-0.002414,1.284483
DOTCOM,2110,-0.012758,1.284483
DOTCOM,2111,-0.010027,1.284483
DOTCOM,2112,0.033761,1.284483
DOTCOM,2113,0.015241,1.284483
DOTCOM,2114,-0.00772,1.284483
DOTCOM,2115,0.022693,1.284483
DOTCOM,2116,0.009087,1.284483
DOTCOM,2117,0.001047,1.284483
DOTCOM,2118,-0.002092,1.284483
DOTCOM,2119,0.011531,1.284483
DOTCOM,2120,-0.001866,1.293656
DOTCOM,2121,-0.011628,1.293656
DOTCOM,2122,-0.012395,1.293656
DOTCOM,2123,0.001702,1.293656
DOTCOM,2124,-0.004671,1.293656
DOTCOM,2125,0.013228,1.293656
DOTCOM,2126,-0.021057,1.293656
DOTCOM,2127,-0.001291,1.293656
DOTCOM,2128,0.006462,1.293656
DOTCOM,2129,0.008132,1.293656
DOTCOM,2130,-0.021015,1.293656
DOTCOM,2131,-0.012359,1.293656
DOTCOM,2132,-0.00944,1.293656
DOTCOM,2133,-0.032358,1.293656
DOTCOM,2134,-0.00481,1.293656
DOTCOM,2135,-0.001841,1.293656
DOTCOM,2136,-0.021213,1.293656
DOTCOM,2137,0.008245,1.293656
DOTCOM,2138,0.018691,1.293656
DOTCOM,2139,-0.003899,1.293656
DOTCOM,2140,-0.031085,1.291731
DOTCOM,2141,0.007842,1.291731
DOTCOM,2142,-0.051875,1.291731
DOTCOM,2143,0.033823,1.291731
DOTCOM,2144,0.032689,1.291731
DOTCOM,2145,-0.047086,1.291731
DOTCOM,2146,-0.007583,1.291731
DOTCOM,2147,0.006901,1.291731
DOTCOM,2148,0.015912,1.291731
DOTCOM,2149,-0.010121,1.291731
DOTCOM,2150,-0.079357,1.291731
DOTCOM,2151,0.028821,1.291731
DOTCOM,2152,-0.010538,1.291731
DOTCOM,2153,-0.045454,1.291731
DOTCOM,2154,-0.01551,1.291731
DOTCOM,2155,-0.036484,1.291731
DOTCOM,2156,-0.063396,1.291731
DOTCOM,2157,-0.007963,1.291731
DOTCOM,2158,-0.02686,1.291731
DOTCOM,2159,-0.006345,1.291731
DOTCOM,2160,0.121647,1.291731
DOTCOM,2161,-0.043268,1.291731
DOTCOM,2162,-0.089557,1.291731
DOTCOM,2163,0.054248,1.292835
DOTCOM,2164,0.00124,1.292835
DOTCOM,2165,0.027863,1.292835
DOTCOM,2166,-0.051807,1.292835
DOTCOM,2167,-0.027637,1.292835
DOTCOM,2168,-0.00392,1.292835
DOTCOM,2169,-0.032142,1.292835
DOTCOM,2170,-0.027787,1.292835
DOTCOM,2171,0.110491,1.292835
DOTCOM,2172,-0.002511,1.292835
DOTCOM,2173,0.033354,1.292835
DOTCOM,2174,0.001522,1.292835
DOTCOM,2175,-0.002128,1.292835
DOTCOM,2176,0.028337,1.292835
DOTCOM,2177,-0.052148,1.292835
DOTCOM,2178,-0.044702,1.292835
DOTCOM,2179,0.020615,1.292835
DOTCOM,2180,-0.013466,1.292835
DOTCOM,2181,-0.021775,1.292835
DOTCOM,2182,-0.046179,1.292835
DOTCOM,2183,0.060954,1.292835
DOTCOM,2184,-0.048588,1.292835
DOTCOM,2185,-0.021049,1.281719
DOTCOM,2186,-0.001058,1.281719
DOTCOM,2187,-0.052223,1.281719
DOTCOM,2188,-0.048399,1.281719
DOTCOM,2189,0.043427,1.281719
DOTCOM,2190,0.061117,1.281719
DOTCOM,2191,-0.004593,1.281719
DOTCOM,2192,0.041889,1.281719
DOTCOM,2193,-0.007836,1.281719
DOTCOM,2194,-0.075206,1.281719
DOTCOM,2195,0.03342,1.281719
DOTCOM,2196,0.028387,1.281719
DOTCOM,2197,-0.028302,1.281719
DOTCOM,2198,0.040633,1.281719
DOTCOM,2199,0.039392,1.281719
DOTCOM,2200,-0.002327,1.281719
DOTCOM,2201,-0.003332,1.281719
DOTCOM,2202,-0.027416,1.281719
DOTCOM,2203,0.020282,1.281719
DOTCOM,2204,-0.017521,1.281719
DOTCOM,2205,0.048011,1.259025
DOTCOM,2206,-0.012107,1.259025
DOTCOM,2207,-0.017556,1.259025
DOTCOM,2208,0.008205,1.259025
DOTCOM,2209,-0.021768,1.259025
DOTCOM,2210,-0.005135,1.259025
DOTCOM,2211,0.002753,1.259025
DOTCOM,2212,-0.000343,1.259025
DOTCOM,2213,-0.008239,1.259025
DOTCOM,2214,0.020768,1.259025
DOTCOM,2215,0.008477,1.259025
DOTCOM,2216,0.043376,1.259025
DOTCOM,2217,-0.000322,1.259025
DOTCOM,2218,0.009994,1.259025
DOTCOM,2219,-0.028407,1.259025
DOTCOM,2220,0.010512,1.259025
DOTCOM,2221,-0.022432,1.259025
DOTCOM,2222,-0.018291,1.259025
DOTCOM,2223,0.000339,1.259025
DOTCOM,2224,-0.030478,1.259025
DOTCOM,2225,0.016416,1.248659
DOTCOM,2226,0.010997,1.248659
DOTCOM,2227,-0.049626,1.248659
DOTCOM,2228,0.04256,1.248659
DOTCOM,2229,-0.013379,1.248659
DOTCOM,2230,0.004868,1.248659
DOTCOM,2231,0.007266,1.248659
DOTCOM,2232,0.007214,1.248659
DOTCOM,2233,0.03513,1.248659
DOTCOM,2234,-0.025371,1.248659
DOTCOM,2235,-0.017579,1.248659
DOTCOM,2236,0.012044,1.248659
DOTCOM,2237,0.015641,1.248659
DOTCOM,2238,0.001339,1.248659
DOTCOM,2239,0.022066,1.248659
DOTCOM,2240,0.026169,1.248659
DOTCOM,2241,0.004144,1.248659
DOTCOM,2242,-0.036825,1.248659
DOTCOM,2243,-0.004614,1.248659
DOTCOM,2244,0.012252,1.248659
DOTCOM,2245,-0.00458,1.248659
DOTCOM,2246,-0.039763,1.251819
DOTCOM,2247,0.000685,1.251819
DOTCOM,2248,-0.015391,1.251819
DOTCOM,2249,0.002779,1.251819
DOTCOM,2250,-0.034985,1.251819
DOTCOM,2251,0.033022,1.251819
DOTCOM,2252,-0.006602,1.251819
DOTCOM,2253,-0.027982,1.251819
DOTCOM,2254,-0.009356,1.251819
DOTCOM,2255,-0.032328,1.251819
DOTCOM,2256,-0.000751,1.251819
DOTCOM,2257,0.026671,1.251819
DOTCOM,2258,-0.030003,1.251819
DOTCOM,2259,-0.007922,1.251819
DOTCOM,2260,-0.021293,1.251819
DOTCOM,2261,0.061771,1.251819
DOTCOM,2262,0.015368,1.251819
DOTCOM,2263,0.033153,1.251819
DOTCOM,2264,0.002441,1.251819
DOTCOM,2265,-0.016701,1.251819
DOTCOM,2266,0.037863,1.251819
DOTCOM,2267,0.012615,1.256379
DOTCOM,2268,-0.000673,1.256379
DOTCOM,2269,-0.015221,1.256379
DOTCOM,2270,0.058945,1.256379
DOTCOM,2271,-0.018446,1.256379
DOTCOM,2272,0.004616,1.256379
DOTCOM,2273,0.03085,1.256379
DOTCOM,2274,-0.018784,1.256379
DOTCOM,2275,-0.02466,1.256379
DOTCOM,2276,0.008649,1.256379
DOTCOM,2277,0.014842,1.256379
DOTCOM,2278,0.032174,1.256379
DOTCOM,2279,0.018577,1.256379
DOTCOM,2280,-0.002473,1.256379
DOTCOM,2281,-0.02634,1.256379
DOTCOM,2282,0.016869,1.256379
DOTCOM,2283,0.030985,1.256379
DOTCOM,2284,-0.001518,1.256379
DOTCOM,2285,-0.012161,1.256379
DOTCOM,2286,-0.00277,1.255139
DOTCOM,2287,0.025926,1.255139
DOTCOM,2288,0.002105,1.255139
DOTCOM,2289,-0.032122,1.255139
DOTCOM,2290,0.013958,1.255139
DOTCOM,2291,0.003059,1.255139
DOTCOM,2292,0.009759,1.255139
DOTCOM,2293,0.017517,1.255139
DOTCOM,2294,0.001187,1.255139
DOTCOM,2295,-0.007412,1.255139
DOTCOM,2296,0.01374,1.255139
DOTCOM,2297,0.010017,1.255139
DOTCOM,2298,0.002625,1.255139
DOTCOM,2299,0.019785,1.255139
DOTCOM,2300,-0.000856,1.255139
DOTCOM,2301,0.000286,1.255139
DOTCOM,2302,-0.023408,1.255139
DOTCOM,2303,0.000584,1.255139
DOTCOM,2304,0.003506,1.255139
DOTCOM,2305,-0.012227,1.255139
DOTCOM,2306,-0.02682,1.255139
DOTCOM,2307,0.011205,1.255139
DOTCOM,2308,-0.000599,1.255139
DOTCOM,2309,0.026071,1.256403
DOTCOM,2310,0.004673,1.256403
DOTCOM,2311,-0.003488,1.256403
DOTCOM,2312,-0.018377,1.256403
DOTCOM,2313,-0.003269,1.256403
DOTCOM,2314,0.037269,1.256403
DOTCOM,2315,-0.006898,1.256403
DOTCOM,2316,0.011577,1.256403
DOTCOM,2317,0.012303,1.256403
DOTCOM,2318,0.028547,1.256403
DOTCOM,2319,0.001375,1.256403
DOTCOM,2320,-0.003019,1.256403
DOTCOM,2321,0.011286,1.256403
DOTCOM,2322,0.001088,1.256403
DOTCOM,2323,-0.002991,1.256403
DOTCOM,2324,0.007635,1.256403
DOTCOM,2325,-0.003518,1.256403
DOTCOM,2326,0.0,1.256403
DOTCOM,2327,-0.004617,1.256403
DOTCOM,2328,-0.020464,1.258252
DOTCOM,2329,-0.009749,1.258252
DOTCOM,2330,0.009564,1.258252
DOTCOM,2331,-0.00195,1.258252
DOTCOM,2332,0.010733,1.258252
DOTCOM,2333,-0.029867,1.258252
DOTCOM,2334,-0.002281,1.258252
DOTCOM,2335,0.016857,1.258252
DOTCOM,2336,0.019669,1.258252
DOTCOM,2337,0.002204,1.258252
DOTCOM,2338,0.0022,1.258252
DOTCOM,2339,-0.001921,1.258252
DOTCOM,2340,0.00055,1.258252
DOTCOM,2341,-0.021978,1.258252
DOTCOM,2342,-0.005337,1.258252
DOTCOM,2343,-0.024852,1.258252
DOTCOM,2344,0.005213,1.258252
DOTCOM,2345,0.001729,1.258252
DOTCOM,2346,0.004313,1.258252
DOTCOM,2347,0.019187,1.258252
DOTCOM,2348,0.003653,1.258252
DOTCOM,2349,0.033595,1.258252
DOTCOM,2350,0.011918,1.268695
DOTCOM,2351,0.005352,1.268695
DOTCOM,2352,0.009585,1.268695
DOTCOM,2353,0.006857,1.268695
DOTCOM,2354,0.008381,1.268695
DOTCOM,2355,0.022078,1.268695
DOTCOM,2356,-0.007624,1.268695
DOTCOM,2357,0.007682,1.268695
DOTCOM,2358,-0.006861,1.268695
DOTCOM,2359,0.006653,1.268695
DOTCOM,2360,0.005846,1.268695
DOTCOM,2361,-0.003033,1.268695
DOTCOM,2362,0.014956,1.268695
DOTCOM,2363,0.0,1.268695
DOTCOM,2364,-0.007742,1.268695
DOTCOM,2365,-0.00881,1.268695
DOTCOM,2366,0.012697,1.268695
DOTCOM,2367,-0.007022,1.268695
DOTCOM,2368,-0.008585,1.268695
DOTCOM,2369,0.015538,1.268695
DOTCOM,2370,0.005517,1.268695
DOTCOM,2371,-0.011474,1.268695
DOTCOM,2372,-0.029018,1.268317
DOTCOM,2373,0.014292,1.268317
DOTCOM,2374,0.006918,1.268317
DOTCOM,2375,0.011704,1.268317
DOTCOM,2376,0.01333,1.268317
DOTCOM,2377,-0.000992,1.268317
DOTCOM,2378,0.002981,1.268317
DOTCOM,2379,-0.001734,1.268317
DOTCOM,2380,0.002482,1.268317
DOTCOM,2381,0.00099,1.268317
DOTCOM,2382,-0.010138,1.268317
DOTCOM,2383,-0.018736,1.268317
DOTCOM,2384,-0.000764,1.268317
DOTCOM,2385,0.006624,1.268317
DOTCOM,2386,0.021514,1.268317
DOTCOM,2387,0.009416,1.268317
DOTCOM,2388,0.008591,1.268317
DOTCOM,2389,0.009491,1.268317
DOTCOM,2390,0.000965,1.268317
DOTCOM,2391,0.003854,1.268317
DOTCOM,2392,0.003119,1.272563
DOTCOM,2393,0.014589,1.272563
DOTCOM,2394,-0.000235,1.272563
DOTCOM,2395,0.001676,1.272563
DOTCOM,2396,0.003062,1.272563
DOTCOM,2397,0.00188,1.272563
DOTCOM,2398,-0.00469,1.272563
DOTCOM,2399,-0.008952,1.272563
DOTCOM,2400,-0.008795,1.272563
DOTCOM,2401,0.017026,1.272563
DOTCOM,2402,-0.00448,1.272563
DOTCOM,2403,0.000711,1.272563
DOTCOM,2404,-0.029586,1.272563
DOTCOM,2405,-0.002926,1.272563
DOTCOM,2406,0.008073,1.272563
DOTCOM,2407,0.017713,1.272563
DOTCOM,2408,0.002861,1.272563
DOTCOM,2409,0.00428,1.272563
DOTCOM,2410,0.005682,1.272563
DOTCOM,2411,0.002118,1.272563
DOTCOM,2412,0.000235,1.272563
DOTCOM,2413,0.013621,1.272563
DOTCOM,2414,-0.002317,1.272563
DOTCOM,2415,-0.006503,1.275021
DOTCOM,2416,0.010051,1.275021
DOTCOM,2417,0.000231,1.275021
DOTCOM,2418,-0.001851,1.275021
DOTCOM,2419,0.00394,1.275021
DOTCOM,2420,-0.004156,1.275021
DOTCOM,2421,-0.003246,1.275021
DOTCOM,2422,-0.01512,1.275021
DOTCOM,2423,-0.022438,1.275021
DOTCOM,2424,0.016912,1.275021
DOTCOM,2425,-0.026847,1.275021
DOTCOM,2426,0.00415,1.275021
DOTCOM,2427,0.003161,1.275021
DOTCOM,2428,0.001697,1.275021
DOTCOM,2429,0.024679,1.275021
DOTCOM,2430,0.005903,1.275021
DOTCOM,2431,0.021362,1.275021
DOTCOM,2432,0.002528,1.275021
DOTCOM,2433,0.006419,1.275021
DOTCOM,2434,-0.005695,1.275021
DOTCOM,2435,0.008248,1.275021
DOTCOM,2436,0.010225,1.278848
DOTCOM,2437,0.003149,1.278848
DOTCOM,2438,-0.005606,1.278848
DOTCOM,2439,-0.015558,1.278848
DOTCOM,2440,-0.005039,1.278848
DOTCOM,2441,0.016114,1.278848
DOTCOM,2442,-0.003398,1.278848
DOTCOM,2443,0.004319,1.278848
DOTCOM,2444,-0.015165,1.278848
DOTCOM,2445,0.001149,1.278848
DOTCOM,2446,0.010331,1.278848
DOTCOM,2447,0.001363,1.278848
DOTCOM,2448,-0.004084,1.278848
DOTCOM,2449,0.00524,1.278848
DOTCOM,2450,-0.00476,1.278848
DOTCOM,2451,-0.006149,1.278848
DOTCOM,2452,0.010083,1.278848
DOTCOM,2453,0.004991,1.278848
DOTCOM,2454,-0.003837,1.278848
DOTCOM,2455,0.009517,1.278848
DOTCOM,2456,-0.005611,1.278848
DOTCOM,2457,0.001354,1.283131
DOTCOM,2458,-0.012173,1.283131
DOTCOM,2459,0.016298,1.283131
DOTCOM,2460,0.011246,1.283131
DOTCOM,2461,0.006006,1.283131
DOTCOM,2462,0.007296,1.283131
DOTCOM,2463,0.009218,1.283131
DOTCOM,2464,0.005219,1.283131
DOTCOM,2465,-0.00411,1.283131
DOTCOM,2466,0.003041,1.283131
DOTCOM,2467,-0.009096,1.283131
DOTCOM,2468,0.014644,1.283131
DOTCOM,2469,0.0,1.283131
DOTCOM,2470,-0.006031,1.283131
DOTCOM,2471,0.00065,1.283131
DOTCOM,2472,0.008231,1.283131
DOTCOM,2473,-0.004082,1.283131
DOTCOM,2474,-0.012511,1.283131
DOTCOM,2475,0.01245,1.283131
DOTCOM,2476,0.000863,1.283131
DOTCOM,2477,-0.011641,1.283798
DOTCOM,2478,0.01614,1.283798
DOTCOM,2479,-0.014381,1.283798
DOTCOM,2480,-0.009364,1.283798
DOTCOM,2481,-0.029237,1.283798
DOTCOM,2482,0.003397,1.283798
DOTCOM,2483,0.000903,1.283798
DOTCOM,2484,0.007891,1.283798
DOTCOM,2485,-0.025727,1.283798
DOTCOM,2486,-0.017451,1.283798
DOTCOM,2487,0.010984,1.283798
DOTCOM,2488,0.009016,1.283798
DOTCOM,2489,0.005498,1.283798
DOTCOM,2490,-0.028936,1.283798
DOTCOM,2491,0.008447,1.283798
DOTCOM,2492,-0.007213,1.283798
DOTCOM,2493,0.010311,1.283798
DOTCOM,2494,-0.002087,1.283798
DOTCOM,2495,0.015109,1.283798
DOTCOM,2496,0.002061,1.283798
DOTCOM,2497,0.012797,1.284631
DOTCOM,2498,0.005641,1.284631
DOTCOM,2499,0.006282,1.284631
DOTCOM,2500,-0.000446,1.284631
DOTCOM,2501,-0.002008,1.284631
DOTCOM,2502,-0.012964,1.284631
DOTCOM,2503,0.01019,1.284631
DOTCOM,2504,-0.000224,1.284631
DOTCOM,2505,0.003588,1.284631
DOTCOM,2506,0.014522,1.284631
DOTCOM,2507,0.003082,1.284631
DOTCOM,2508,0.001098,1.284631
DOTCOM,2509,0.003289,1.284631
DOTCOM,2510,0.015082,1.284631
DOTCOM,2511,0.001938,1.284631
DOTCOM,2512,0.005588,1.284631
DOTCOM,2513,0.008121,1.284631
DOTCOM,2514,0.003816,1.284631
DOTCOM,2515,0.000211,1.284631
DOTCOM,2516,-0.002534,1.284631
DOTCOM,2517,0.00635,1.284631
DOTCOM,2518,0.002735,1.284631
DOTCOM,2519,0.003356,1.283408
DOTCOM,2520,-0.006049,1.283408
